Unix;Date;Close
1,68653E+12;12/06/2023;25905.19
1,68644E+12;11/06/2023;25925.55
1,68636E+12;10/06/2023;25841.21
1,68627E+12;09/06/2023;26477.81
1,68618E+12;08/06/2023;26498.61
1,6861E+12;07/06/2023;26339.34
1,68601E+12;06/06/2023;27230.08
1,68592E+12;05/06/2023;25728.2
1,68584E+12;04/06/2023;27115.21
1,68575E+12;03/06/2023;27069.22
1,68566E+12;02/06/2023;27242.59
1,68558E+12;01/06/2023;26817.93
1,68549E+12;31/05/2023;27210.35
1,6854E+12;30/05/2023;27694.4
1,68532E+12;29/05/2023;27736.4
1,68523E+12;28/05/2023;28065.0
1,68515E+12;27/05/2023;26854.27
1,68506E+12;26/05/2023;26705.92
1,68497E+12;25/05/2023;26473.79
1,68489E+12;24/05/2023;26329.01
1,6848E+12;23/05/2023;27219.61
1,68471E+12;22/05/2023;26849.27
1,68463E+12;21/05/2023;26747.78
1,68454E+12;20/05/2023;27102.43
1,68445E+12;19/05/2023;26880.26
1,68437E+12;18/05/2023;26821.28
1,68428E+12;17/05/2023;27405.61
1,6842E+12;16/05/2023;27033.84
1,68411E+12;15/05/2023;27162.14
1,68402E+12;14/05/2023;26917.62
1,68394E+12;13/05/2023;26775.28
1,68385E+12;12/05/2023;26795.01
1,68376E+12;11/05/2023;26968.62
1,68368E+12;10/05/2023;27598.75
1,68359E+12;09/05/2023;27628.27
1,6835E+12;08/05/2023;27668.79
1,68342E+12;07/05/2023;28430.1
1,68333E+12;06/05/2023;28848.2
1,68324E+12;05/05/2023;29505.61
1,68316E+12;04/05/2023;28838.16
1,68307E+12;03/05/2023;29026.16
1,68299E+12;02/05/2023;28669.86
1,6829E+12;01/05/2023;28068.26
1,68281E+12;30/04/2023;29233.21
1,68273E+12;29/04/2023;29230.45
1,68264E+12;28/04/2023;29311.7
1,68255E+12;27/04/2023;29472.77
1,68247E+12;26/04/2023;28415.29
1,68238E+12;25/04/2023;28300.79
1,68229E+12;24/04/2023;27510.93
1,68221E+12;23/04/2023;27590.6
1,68212E+12;22/04/2023;27816.85
1,68204E+12;21/04/2023;27262.84
1,68195E+12;20/04/2023;28243.65
1,68186E+12;19/04/2023;28797.1
1,68178E+12;18/04/2023;30380.01
1,68169E+12;17/04/2023;29430.27
1,6816E+12;16/04/2023;30304.65
1,68152E+12;15/04/2023;30295.09
1,68143E+12;14/04/2023;30466.93
1,68134E+12;13/04/2023;30373.84
1,68126E+12;12/04/2023;29888.07
1,68117E+12;11/04/2023;30200.42
1,68108E+12;10/04/2023;29637.34
1,681E+12;09/04/2023;28323.76
1,68091E+12;08/04/2023;27938.38
1,68083E+12;07/04/2023;27906.33
1,68074E+12;06/04/2023;28033.82
1,68065E+12;05/04/2023;28170.01
1,68057E+12;04/04/2023;28165.47
1,68048E+12;03/04/2023;27800.0
1,68039E+12;02/04/2023;28171.87
1,68031E+12;01/04/2023;28452.73
1,68022E+12;31/03/2023;28465.36
1,68013E+12;30/03/2023;28028.53
1,68005E+12;29/03/2023;28348.6
1,67996E+12;28/03/2023;27261.07
1,67988E+12;27/03/2023;27124.91
1,67979E+12;26/03/2023;27968.05
1,6797E+12;25/03/2023;27462.95
1,67962E+12;24/03/2023;27454.47
1,67953E+12;23/03/2023;28295.41
1,67944E+12;22/03/2023;27250.97
1,67936E+12;21/03/2023;28105.47
1,67927E+12;20/03/2023;27717.01
1,67918E+12;19/03/2023;27972.87
1,6791E+12;18/03/2023;26907.49
1,67901E+12;17/03/2023;27395.13
1,67892E+12;16/03/2023;24998.78
1,67884E+12;15/03/2023;24285.66
1,67875E+12;14/03/2023;24670.41
1,67867E+12;13/03/2023;24113.48
1,67858E+12;12/03/2023;21997.11
1,67849E+12;11/03/2023;20455.73
1,67841E+12;10/03/2023;20150.69
1,67832E+12;09/03/2023;20362.22
1,67823E+12;08/03/2023;21705.44
1,67815E+12;07/03/2023;22197.96
1,67806E+12;06/03/2023;22410.0
1,67797E+12;05/03/2023;22430.24
1,67789E+12;04/03/2023;22346.57
1,6778E+12;03/03/2023;22354.34
1,67772E+12;02/03/2023;23465.32
1,67763E+12;01/03/2023;23628.97
1,67754E+12;28/02/2023;23141.57
1,67746E+12;27/02/2023;23492.09
1,67737E+12;26/02/2023;23554.85
1,67728E+12;25/02/2023;23157.07
1,6772E+12;24/02/2023;23185.29
1,67711E+12;23/02/2023;23940.2
1,67702E+12;22/02/2023;24182.21
1,67694E+12;21/02/2023;24452.16
1,67685E+12;20/02/2023;24842.2
1,67676E+12;19/02/2023;24271.76
1,67668E+12;18/02/2023;24631.95
1,67659E+12;17/02/2023;24569.97
1,67651E+12;16/02/2023;23517.72
1,67642E+12;15/02/2023;24324.05
1,67633E+12;14/02/2023;22199.84
1,67625E+12;13/02/2023;21773.97
1,67616E+12;12/02/2023;21783.54
1,67607E+12;11/02/2023;21862.55
1,67599E+12;10/02/2023;21625.19
1,6759E+12;09/02/2023;21796.35
1,67581E+12;08/02/2023;22963.0
1,67573E+12;07/02/2023;23240.46
1,67564E+12;06/02/2023;22762.52
1,67556E+12;05/02/2023;22932.91
1,67547E+12;04/02/2023;23326.84
1,67538E+12;03/02/2023;23431.9
1,6753E+12;02/02/2023;23488.94
1,67521E+12;01/02/2023;23732.66
1,67512E+12;31/01/2023;23125.13
1,67504E+12;30/01/2023;22826.15
1,67495E+12;29/01/2023;23742.3
1,67486E+12;28/01/2023;23022.6
1,67478E+12;27/01/2023;23074.16
1,67469E+12;26/01/2023;23009.65
1,6746E+12;25/01/2023;23060.94
1,67452E+12;24/01/2023;22632.89
1,67443E+12;23/01/2023;22916.45
1,67435E+12;22/01/2023;22707.88
1,67426E+12;21/01/2023;22783.55
1,67417E+12;20/01/2023;22667.21
1,67409E+12;19/01/2023;21071.59
1,674E+12;18/01/2023;20677.47
1,67391E+12;17/01/2023;21134.81
1,67383E+12;16/01/2023;21185.65
1,67374E+12;15/01/2023;20871.5
1,67365E+12;14/01/2023;20954.92
1,67357E+12;13/01/2023;19930.01
1,67348E+12;12/01/2023;18846.62
1,6734E+12;11/01/2023;17943.26
1,67331E+12;10/01/2023;17440.66
1,67322E+12;09/01/2023;17178.26
1,67314E+12;08/01/2023;17127.83
1,67305E+12;07/01/2023;16943.57
1,67296E+12;06/01/2023;16950.65
1,67288E+12;05/01/2023;16831.85
1,67279E+12;04/01/2023;16850.36
1,6727E+12;03/01/2023;16675.18
1,67262E+12;02/01/2023;16672.87
1,67253E+12;01/01/2023;16616.75
1,67244E+12;31/12/2022;16542.4
1,67236E+12;30/12/2022;16607.48
1,67227E+12;29/12/2022;16633.47
1,67219E+12;28/12/2022;16547.31
1,6721E+12;27/12/2022;16706.36
1,67201E+12;26/12/2022;16919.39
1,67193E+12;25/12/2022;16832.11
1,67184E+12;24/12/2022;16836.12
1,67175E+12;23/12/2022;16778.5
1,67167E+12;22/12/2022;16821.43
1,67158E+12;21/12/2022;16824.67
1,67149E+12;20/12/2022;16895.56
1,67141E+12;19/12/2022;16438.88
1,67132E+12;18/12/2022;16738.21
1,67124E+12;17/12/2022;16776.52
1,67115E+12;16/12/2022;16632.12
1,67106E+12;15/12/2022;17356.34
1,67098E+12;14/12/2022;17803.15
1,67089E+12;13/12/2022;17774.7
1,6708E+12;12/12/2022;17209.83
1,67072E+12;11/12/2022;17085.05
1,67063E+12;10/12/2022;17127.49
1,67054E+12;09/12/2022;17128.56
1,67046E+12;08/12/2022;17224.1
1,67037E+12;07/12/2022;16836.64
1,67028E+12;06/12/2022;17088.96
1,6702E+12;05/12/2022;16966.35
1,67011E+12;04/12/2022;17105.7
1,67003E+12;03/12/2022;16885.2
1,66994E+12;02/12/2022;17092.74
1,66985E+12;01/12/2022;16977.37
1,66977E+12;30/11/2022;17163.64
1,66968E+12;29/11/2022;16442.53
1,66959E+12;28/11/2022;16212.91
1,66951E+12;27/11/2022;16428.78
1,66942E+12;26/11/2022;16458.57
1,66933E+12;25/11/2022;16522.14
1,66925E+12;24/11/2022;16598.95
1,66916E+12;23/11/2022;16603.11
1,66908E+12;22/11/2022;16226.94
1,66899E+12;21/11/2022;15781.29
1,6689E+12;20/11/2022;16280.23
1,66882E+12;19/11/2022;16700.68
1,66873E+12;18/11/2022;16700.45
1,66864E+12;17/11/2022;16692.56
1,66856E+12;16/11/2022;16662.76
1,66847E+12;15/11/2022;16900.57
1,66838E+12;14/11/2022;16619.46
1,6683E+12;13/11/2022;16329.85
1,66821E+12;12/11/2022;16812.08
1,66812E+12;11/11/2022;17070.31
1,66804E+12;10/11/2022;17601.15
1,66795E+12;09/11/2022;15922.81
1,66787E+12;08/11/2022;18547.23
1,66778E+12;07/11/2022;20591.13
1,66769E+12;06/11/2022;20905.58
1,66761E+12;05/11/2022;21299.37
1,66752E+12;04/11/2022;21148.52
1,66743E+12;03/11/2022;20207.82
1,66735E+12;02/11/2022;20151.84
1,66726E+12;01/11/2022;20483.62
1,66717E+12;31/10/2022;20490.74
1,66709E+12;30/10/2022;20627.48
1,667E+12;29/10/2022;20809.67
1,66692E+12;28/10/2022;20591.84
1,66683E+12;27/10/2022;20295.11
1,66674E+12;26/10/2022;20771.59
1,66666E+12;25/10/2022;20080.07
1,66657E+12;24/10/2022;19329.72
1,66648E+12;23/10/2022;19570.4
1,6664E+12;22/10/2022;19204.35
1,66631E+12;21/10/2022;19164.37
1,66622E+12;20/10/2022;19041.92
1,66614E+12;19/10/2022;19123.97
1,66605E+12;18/10/2022;19327.44
1,66596E+12;17/10/2022;19549.86
1,66588E+12;16/10/2022;19262.98
1,66579E+12;15/10/2022;19069.39
1,66571E+12;14/10/2022;19176.93
1,66562E+12;13/10/2022;19375.13
1,66553E+12;12/10/2022;19155.53
1,66545E+12;11/10/2022;19060.0
1,66536E+12;10/10/2022;19131.87
1,66527E+12;09/10/2022;19439.02
1,66519E+12;08/10/2022;19417.96
1,6651E+12;07/10/2022;19530.09
1,66501E+12;06/10/2022;19960.67
1,66493E+12;05/10/2022;20158.26
1,66484E+12;04/10/2022;20337.82
1,66476E+12;03/10/2022;19629.08
1,66467E+12;02/10/2022;19056.8
1,66458E+12;01/10/2022;19310.95
1,6645E+12;30/09/2022;19422.61
1,66441E+12;29/09/2022;19591.51
1,66432E+12;28/09/2022;19412.82
1,66424E+12;27/09/2022;19079.13
1,66415E+12;26/09/2022;19227.82
1,66406E+12;25/09/2022;18807.38
1,66398E+12;24/09/2022;18920.5
1,66389E+12;23/09/2022;19289.91
1,6638E+12;22/09/2022;19401.63
1,66372E+12;21/09/2022;18461.36
1,66363E+12;20/09/2022;18875.0
1,66355E+12;19/09/2022;19537.02
1,66346E+12;18/09/2022;19416.18
1,66337E+12;17/09/2022;20113.62
1,66329E+12;16/09/2022;19803.3
1,6632E+12;15/09/2022;19701.88
1,66311E+12;14/09/2022;20226.71
1,66303E+12;13/09/2022;20173.57
1,66294E+12;12/09/2022;22395.74
1,66285E+12;11/09/2022;21826.87
1,66277E+12;10/09/2022;21648.34
1,66268E+12;09/09/2022;21360.11
1,6626E+12;08/09/2022;19319.77
1,66251E+12;07/09/2022;19292.84
1,66242E+12;06/09/2022;18790.61
1,66234E+12;05/09/2022;19796.84
1,66225E+12;04/09/2022;20000.3
1,66216E+12;03/09/2022;19831.9
1,66208E+12;02/09/2022;19951.86
1,66199E+12;01/09/2022;20131.46
1,6619E+12;31/08/2022;20050.02
1,66182E+12;30/08/2022;19811.66
1,66173E+12;29/08/2022;20285.73
1,66164E+12;28/08/2022;19555.61
1,66156E+12;27/08/2022;20037.6
1,66147E+12;26/08/2022;20241.05
1,66139E+12;25/08/2022;21559.04
1,6613E+12;24/08/2022;21368.08
1,66121E+12;23/08/2022;21529.12
1,66113E+12;22/08/2022;21399.83
1,66104E+12;21/08/2022;21515.61
1,66095E+12;20/08/2022;21140.07
1,66087E+12;19/08/2022;20834.39
1,66078E+12;18/08/2022;23191.2
1,66069E+12;17/08/2022;23342.66
1,66061E+12;16/08/2022;23854.74
1,66052E+12;15/08/2022;24094.82
1,66044E+12;14/08/2022;24305.24
1,66035E+12;13/08/2022;24441.38
1,66026E+12;12/08/2022;24403.68
1,66018E+12;11/08/2022;23934.39
1,66009E+12;10/08/2022;23954.05
1,66E+12;09/08/2022;23149.95
1,65992E+12;08/08/2022;23810.0
1,65983E+12;07/08/2022;23174.39
1,65974E+12;06/08/2022;22954.21
1,65966E+12;05/08/2022;23312.42
1,65957E+12;04/08/2022;22622.98
1,65948E+12;03/08/2022;22818.37
1,6594E+12;02/08/2022;22987.79
1,65931E+12;01/08/2022;23268.01
1,65923E+12;31/07/2022;23293.32
1,65914E+12;30/07/2022;23643.51
1,65905E+12;29/07/2022;23773.75
1,65897E+12;28/07/2022;23842.93
1,65888E+12;27/07/2022;22952.45
1,65879E+12;26/07/2022;21254.67
1,65871E+12;25/07/2022;21310.9
1,65862E+12;24/07/2022;22579.68
1,65853E+12;23/07/2022;22451.07
1,65845E+12;22/07/2022;22684.83
1,65836E+12;21/07/2022;23152.19
1,65828E+12;20/07/2022;23223.3
1,65819E+12;19/07/2022;23396.62
1,6581E+12;18/07/2022;22432.58
1,65802E+12;17/07/2022;20798.16
1,65793E+12;16/07/2022;21195.6
1,65784E+12;15/07/2022;20830.04
1,65776E+12;14/07/2022;20588.84
1,65767E+12;13/07/2022;20234.87
1,65758E+12;12/07/2022;19328.75
1,6575E+12;11/07/2022;19963.61
1,65741E+12;10/07/2022;20862.47
1,65732E+12;09/07/2022;21591.83
1,65724E+12;08/07/2022;21594.75
1,65715E+12;07/07/2022;21624.98
1,65707E+12;06/07/2022;20564.51
1,65698E+12;05/07/2022;20175.83
1,65689E+12;04/07/2022;20236.71
1,65681E+12;03/07/2022;19315.83
1,65672E+12;02/07/2022;19252.81
1,65663E+12;01/07/2022;19279.8
1,65655E+12;30/06/2022;19942.21
1,65646E+12;29/06/2022;20123.01
1,65637E+12;28/06/2022;20281.29
1,65629E+12;27/06/2022;20742.56
1,6562E+12;26/06/2022;21038.07
1,65612E+12;25/06/2022;21491.19
1,65603E+12;24/06/2022;21237.69
1,65594E+12;23/06/2022;21110.13
1,65586E+12;22/06/2022;19987.99
1,65577E+12;21/06/2022;20723.52
1,65568E+12;20/06/2022;20573.89
1,6556E+12;19/06/2022;20574.0
1,65551E+12;18/06/2022;18970.79
1,65542E+12;17/06/2022;20468.81
1,65534E+12;16/06/2022;20401.31
1,65525E+12;15/06/2022;22583.72
1,65516E+12;14/06/2022;22136.41
1,65508E+12;13/06/2022;22487.41
1,65499E+12;12/06/2022;26574.53
1,65491E+12;11/06/2022;28424.7
1,65482E+12;10/06/2022;29091.88
1,65473E+12;09/06/2022;30109.93
1,65465E+12;08/06/2022;30204.77
1,65456E+12;07/06/2022;31125.33
1,65447E+12;06/06/2022;31373.1
1,65439E+12;05/06/2022;29919.21
1,6543E+12;04/06/2022;29864.04
1,65421E+12;03/06/2022;29700.21
1,65413E+12;02/06/2022;30452.62
1,65404E+12;01/06/2022;29805.83
1,65396E+12;31/05/2022;31801.04
1,65387E+12;30/05/2022;31734.22
1,65378E+12;29/05/2022;29468.1
1,6537E+12;28/05/2022;29031.33
1,65361E+12;27/05/2022;28629.8
1,65352E+12;26/05/2022;29201.35
1,65344E+12;25/05/2022;29542.15
1,65335E+12;24/05/2022;29654.58
1,65326E+12;23/05/2022;29109.15
1,65318E+12;22/05/2022;30293.94
1,65309E+12;21/05/2022;29445.06
1,653E+12;20/05/2022;29201.01
1,65292E+12;19/05/2022;30319.23
1,65283E+12;18/05/2022;28715.32
1,65275E+12;17/05/2022;30444.93
1,65266E+12;16/05/2022;29874.01
1,65257E+12;15/05/2022;31328.89
1,65249E+12;14/05/2022;30086.74
1,6524E+12;13/05/2022;29287.05
1,65231E+12;12/05/2022;29029.75
1,65223E+12;11/05/2022;29103.94
1,65214E+12;10/05/2022;31017.1
1,65205E+12;09/05/2022;30076.31
1,65197E+12;08/05/2022;34038.4
1,65188E+12;07/05/2022;35472.39
1,6518E+12;06/05/2022;36013.77
1,65171E+12;05/05/2022;36552.97
1,65162E+12;04/05/2022;39690.0
1,65154E+12;03/05/2022;37728.95
1,65145E+12;02/05/2022;38525.16
1,65136E+12;01/05/2022;38468.35
1,65128E+12;30/04/2022;37630.8
1,65119E+12;29/04/2022;38596.11
1,6511E+12;28/04/2022;39742.07
1,65102E+12;27/04/2022;39235.72
1,65093E+12;26/04/2022;38112.65
1,65084E+12;25/04/2022;40426.08
1,65076E+12;24/04/2022;39450.13
1,65067E+12;23/04/2022;39441.6
1,65059E+12;22/04/2022;39709.18
1,6505E+12;21/04/2022;40480.01
1,65041E+12;20/04/2022;41358.19
1,65033E+12;19/04/2022;41493.18
1,65024E+12;18/04/2022;40801.13
1,65015E+12;17/04/2022;39678.12
1,65007E+12;16/04/2022;40378.71
1,64998E+12;15/04/2022;40551.9
1,64989E+12;14/04/2022;39942.38
1,64981E+12;13/04/2022;41147.79
1,64972E+12;12/04/2022;40074.94
1,64964E+12;11/04/2022;39530.45
1,64955E+12;10/04/2022;42158.85
1,64946E+12;09/04/2022;42753.97
1,64938E+12;08/04/2022;42252.01
1,64929E+12;07/04/2022;43444.19
1,6492E+12;06/04/2022;43170.47
1,64912E+12;05/04/2022;45497.55
1,64903E+12;04/04/2022;46580.51
1,64894E+12;03/04/2022;46407.35
1,64886E+12;02/04/2022;45811.0
1,64877E+12;01/04/2022;46283.49
1,64868E+12;31/03/2022;45510.34
1,6486E+12;30/03/2022;47067.99
1,64851E+12;29/03/2022;47434.8
1,64843E+12;28/03/2022;47122.21
1,64834E+12;27/03/2022;46827.76
1,64825E+12;26/03/2022;44511.27
1,64817E+12;25/03/2022;44313.16
1,64808E+12;24/03/2022;43991.46
1,64799E+12;23/03/2022;42882.76
1,64791E+12;22/03/2022;42364.13
1,64782E+12;21/03/2022;41002.25
1,64773E+12;20/03/2022;41262.11
1,64765E+12;19/03/2022;42201.13
1,64756E+12;18/03/2022;41757.51
1,64748E+12;17/03/2022;40917.9
1,64739E+12;16/03/2022;41114.0
1,6473E+12;15/03/2022;39280.33
1,64722E+12;14/03/2022;39671.37
1,64713E+12;13/03/2022;37777.34
1,64704E+12;12/03/2022;38807.36
1,64696E+12;11/03/2022;38729.57
1,64687E+12;10/03/2022;39422.0
1,64678E+12;09/03/2022;41941.71
1,6467E+12;08/03/2022;38730.63
1,64661E+12;07/03/2022;37988.0
1,64652E+12;06/03/2022;38420.81
1,64644E+12;05/03/2022;39397.96
1,64635E+12;04/03/2022;39148.66
1,64627E+12;03/03/2022;42454.0
1,64618E+12;02/03/2022;43892.98
1,64609E+12;01/03/2022;44421.2
1,64601E+12;28/02/2022;43160.0
1,64592E+12;27/02/2022;37699.07
1,64583E+12;26/02/2022;39116.72
1,64575E+12;25/02/2022;39219.17
1,64566E+12;24/02/2022;38327.21
1,64557E+12;23/02/2022;37250.01
1,64549E+12;22/02/2022;38230.33
1,6454E+12;21/02/2022;37008.16
1,64532E+12;20/02/2022;38386.89
1,64523E+12;19/02/2022;40079.17
1,64514E+12;18/02/2022;39974.44
1,64506E+12;17/02/2022;40515.7
1,64497E+12;16/02/2022;43873.56
1,64488E+12;15/02/2022;44544.86
1,6448E+12;14/02/2022;42535.94
1,64471E+12;13/02/2022;42053.66
1,64462E+12;12/02/2022;42217.87
1,64454E+12;11/02/2022;42373.73
1,64445E+12;10/02/2022;43495.44
1,64436E+12;09/02/2022;44372.72
1,64428E+12;08/02/2022;44042.99
1,64419E+12;07/02/2022;43839.99
1,64411E+12;06/02/2022;42380.87
1,64402E+12;05/02/2022;41382.59
1,64393E+12;04/02/2022;41574.25
1,64385E+12;03/02/2022;37311.61
1,64376E+12;02/02/2022;36896.36
1,64367E+12;01/02/2022;38694.59
1,64359E+12;31/01/2022;38466.9
1,6435E+12;30/01/2022;37881.76
1,64341E+12;29/01/2022;38166.84
1,64333E+12;28/01/2022;37716.56
1,64324E+12;27/01/2022;37160.1
1,64316E+12;26/01/2022;36809.34
1,64307E+12;25/01/2022;36958.32
1,64298E+12;24/01/2022;36660.35
1,6429E+12;23/01/2022;36244.55
1,64281E+12;22/01/2022;35071.42
1,64272E+12;21/01/2022;36445.31
1,64264E+12;20/01/2022;40680.91
1,64255E+12;19/01/2022;41660.01
1,64246E+12;18/01/2022;42352.12
1,64238E+12;17/01/2022;42201.62
1,64229E+12;16/01/2022;43071.66
1,6422E+12;15/01/2022;43084.29
1,64212E+12;14/01/2022;43059.96
1,64203E+12;13/01/2022;42560.11
1,64195E+12;12/01/2022;43902.66
1,64186E+12;11/01/2022;42729.29
1,64177E+12;10/01/2022;41822.49
1,64169E+12;09/01/2022;41864.62
1,6416E+12;08/01/2022;41679.74
1,64151E+12;07/01/2022;41566.48
1,64143E+12;06/01/2022;43082.31
1,64134E+12;05/01/2022;43451.13
1,64125E+12;04/01/2022;45832.01
1,64117E+12;03/01/2022;46446.1
1,64108E+12;02/01/2022;47286.18
1,641E+12;01/01/2022;47722.65
1,64091E+12;31/12/2021;46216.93
1,64082E+12;30/12/2021;47120.87
1,64074E+12;29/12/2021;46464.66
1,64065E+12;28/12/2021;47543.74
1,64056E+12;27/12/2021;50701.44
1,64048E+12;26/12/2021;50775.49
1,64039E+12;25/12/2021;50399.66
1,6403E+12;24/12/2021;50820.0
1,64022E+12;23/12/2021;50838.81
1,64013E+12;22/12/2021;48588.16
1,64004E+12;21/12/2021;48889.88
1,63996E+12;20/12/2021;46914.16
1,63987E+12;19/12/2021;46681.23
1,63979E+12;18/12/2021;46834.48
1,6397E+12;17/12/2021;46131.2
1,63961E+12;16/12/2021;47632.38
1,63953E+12;15/12/2021;48864.98
1,63944E+12;14/12/2021;48343.28
1,63935E+12;13/12/2021;46702.75
1,63927E+12;12/12/2021;50053.9
1,63918E+12;11/12/2021;49389.99
1,63909E+12;10/12/2021;47140.54
1,63901E+12;09/12/2021;47545.59
1,63892E+12;08/12/2021;50471.19
1,63884E+12;07/12/2021;50588.95
1,63875E+12;06/12/2021;50441.92
1,63866E+12;05/12/2021;49396.33
1,63858E+12;04/12/2021;49152.47
1,63849E+12;03/12/2021;53601.05
1,6384E+12;02/12/2021;56480.34
1,63832E+12;01/12/2021;57184.07
1,63823E+12;30/11/2021;56950.56
1,63814E+12;29/11/2021;57776.25
1,63806E+12;28/11/2021;57274.88
1,63797E+12;27/11/2021;54721.03
1,63788E+12;26/11/2021;53726.53
1,6378E+12;25/11/2021;58960.36
1,63771E+12;24/11/2021;57138.29
1,63763E+12;23/11/2021;57541.27
1,63754E+12;22/11/2021;56247.18
1,63745E+12;21/11/2021;58622.02
1,63737E+12;20/11/2021;59707.51
1,63728E+12;19/11/2021;58052.24
1,63719E+12;18/11/2021;56891.62
1,63711E+12;17/11/2021;60344.87
1,63702E+12;16/11/2021;60058.87
1,63693E+12;15/11/2021;63606.74
1,63685E+12;14/11/2021;65519.1
1,63676E+12;13/11/2021;64380.0
1,63668E+12;12/11/2021;64122.23
1,63659E+12;11/11/2021;64774.26
1,6365E+12;10/11/2021;64882.43
1,63642E+12;09/11/2021;66947.66
1,63633E+12;08/11/2021;67525.83
1,63624E+12;07/11/2021;63273.59
1,63616E+12;06/11/2021;61470.61
1,63607E+12;05/11/2021;60937.12
1,63598E+12;04/11/2021;61395.01
1,6359E+12;03/11/2021;62896.48
1,63581E+12;02/11/2021;63219.99
1,63572E+12;01/11/2021;60911.11
1,63564E+12;31/10/2021;61299.8
1,63555E+12;30/10/2021;61859.19
1,63547E+12;29/10/2021;62253.71
1,63538E+12;28/10/2021;60575.89
1,63529E+12;27/10/2021;58413.44
1,63521E+12;26/10/2021;60328.81
1,63512E+12;25/10/2021;63078.78
1,63503E+12;24/10/2021;60852.22
1,63495E+12;23/10/2021;61286.75
1,63486E+12;22/10/2021;60688.22
1,63477E+12;21/10/2021;62193.15
1,63469E+12;20/10/2021;66001.41
1,6346E+12;19/10/2021;64280.59
1,63452E+12;18/10/2021;62009.84
1,63443E+12;17/10/2021;61528.33
1,63434E+12;16/10/2021;60875.57
1,63426E+12;15/10/2021;61672.42
1,63417E+12;14/10/2021;57347.94
1,63408E+12;13/10/2021;57367.0
1,634E+12;12/10/2021;55996.93
1,63391E+12;11/10/2021;57471.35
1,63382E+12;10/10/2021;54659.0
1,63374E+12;09/10/2021;54949.72
1,63365E+12;08/10/2021;53951.43
1,63356E+12;07/10/2021;53785.22
1,63348E+12;06/10/2021;55315.0
1,63339E+12;05/10/2021;51471.99
1,63331E+12;04/10/2021;49224.94
1,63322E+12;03/10/2021;48200.01
1,63313E+12;02/10/2021;47634.9
1,63305E+12;01/10/2021;48141.61
1,63296E+12;30/09/2021;43824.1
1,63287E+12;29/09/2021;41524.28
1,63279E+12;28/09/2021;41026.54
1,6327E+12;27/09/2021;42147.35
1,63261E+12;26/09/2021;43160.9
1,63253E+12;25/09/2021;42670.64
1,63244E+12;24/09/2021;42810.57
1,63236E+12;23/09/2021;44865.26
1,63227E+12;22/09/2021;43543.61
1,63218E+12;21/09/2021;40734.38
1,6321E+12;20/09/2021;43015.62
1,63201E+12;19/09/2021;47241.75
1,63192E+12;18/09/2021;48292.74
1,63184E+12;17/09/2021;47299.98
1,63175E+12;16/09/2021;47737.82
1,63166E+12;15/09/2021;48121.41
1,63158E+12;14/09/2021;47111.52
1,63149E+12;13/09/2021;44940.73
1,6314E+12;12/09/2021;46025.24
1,63132E+12;11/09/2021;45173.69
1,63123E+12;10/09/2021;44850.91
1,63115E+12;09/09/2021;46395.14
1,63106E+12;08/09/2021;46048.31
1,63097E+12;07/09/2021;46863.73
1,63089E+12;06/09/2021;52663.9
1,6308E+12;05/09/2021;51756.88
1,63071E+12;04/09/2021;49915.64
1,63063E+12;03/09/2021;49999.14
1,63054E+12;02/09/2021;49246.64
1,63045E+12;01/09/2021;48810.52
1,63037E+12;31/08/2021;47100.89
1,63028E+12;30/08/2021;46982.91
1,6302E+12;29/08/2021;48767.83
1,63011E+12;28/08/2021;48895.35
1,63002E+12;27/08/2021;49069.9
1,62994E+12;26/08/2021;46843.87
1,62985E+12;25/08/2021;48973.32
1,62976E+12;24/08/2021;47674.01
1,62968E+12;23/08/2021;49488.85
1,62959E+12;22/08/2021;49239.22
1,6295E+12;21/08/2021;48821.87
1,62942E+12;20/08/2021;49322.47
1,62933E+12;19/08/2021;46760.62
1,62924E+12;18/08/2021;44705.29
1,62916E+12;17/08/2021;44695.95
1,62907E+12;16/08/2021;45901.29
1,62899E+12;15/08/2021;46973.82
1,6289E+12;14/08/2021;47068.51
1,62881E+12;13/08/2021;47800.0
1,62873E+12;12/08/2021;44399.0
1,62864E+12;11/08/2021;45511.0
1,62855E+12;10/08/2021;45584.99
1,62847E+12;09/08/2021;46253.4
1,62838E+12;08/08/2021;43794.37
1,62829E+12;07/08/2021;44572.54
1,62821E+12;06/08/2021;42836.87
1,62812E+12;05/08/2021;40862.46
1,62804E+12;04/08/2021;39723.18
1,62795E+12;03/08/2021;38207.05
1,62786E+12;02/08/2021;39147.82
1,62778E+12;01/08/2021;39845.44
1,62769E+12;31/07/2021;41461.83
1,6276E+12;30/07/2021;42206.37
1,62752E+12;29/07/2021;40016.48
1,62743E+12;28/07/2021;40019.56
1,62734E+12;27/07/2021;39457.87
1,62726E+12;26/07/2021;37237.6
1,62717E+12;25/07/2021;35381.02
1,62708E+12;24/07/2021;34258.14
1,627E+12;23/07/2021;33634.09
1,62691E+12;22/07/2021;32287.83
1,62683E+12;21/07/2021;32144.51
1,62674E+12;20/07/2021;29790.35
1,62665E+12;19/07/2021;30839.65
1,62657E+12;18/07/2021;31778.56
1,62648E+12;17/07/2021;31520.07
1,62639E+12;16/07/2021;31383.87
1,62631E+12;15/07/2021;31880.0
1,62622E+12;14/07/2021;32820.02
1,62613E+12;13/07/2021;32729.77
1,62605E+12;12/07/2021;33086.63
1,62596E+12;11/07/2021;34258.99
1,62588E+12;10/07/2021;33502.87
1,62579E+12;09/07/2021;33815.81
1,6257E+12;08/07/2021;32875.71
1,62562E+12;07/07/2021;33862.12
1,62553E+12;06/07/2021;34220.01
1,62544E+12;05/07/2021;33690.14
1,62536E+12;04/07/2021;35286.51
1,62527E+12;03/07/2021;34669.13
1,62518E+12;02/07/2021;33786.55
1,6251E+12;01/07/2021;33504.69
1,62501E+12;30/06/2021;35045.0
1,62492E+12;29/06/2021;35911.73
1,62484E+12;28/06/2021;34494.89
1,62475E+12;27/06/2021;34700.34
1,62467E+12;26/06/2021;32283.65
1,62458E+12;25/06/2021;31584.45
1,62449E+12;24/06/2021;34663.09
1,62441E+12;23/06/2021;33678.07
1,62432E+12;22/06/2021;32509.56
1,62423E+12;21/06/2021;31608.93
1,62415E+12;20/06/2021;35600.16
1,62406E+12;19/06/2021;35483.72
1,62397E+12;18/06/2021;35819.84
1,62389E+12;17/06/2021;38092.97
1,6238E+12;16/06/2021;38349.01
1,62372E+12;15/06/2021;40144.04
1,62363E+12;14/06/2021;40516.29
1,62354E+12;13/06/2021;39020.57
1,62346E+12;12/06/2021;35546.11
1,62337E+12;11/06/2021;37331.98
1,62328E+12;10/06/2021;36675.72
1,6232E+12;09/06/2021;37388.05
1,62311E+12;08/06/2021;33380.81
1,62302E+12;07/06/2021;33552.79
1,62294E+12;06/06/2021;35796.31
1,62285E+12;05/06/2021;35513.2
1,62276E+12;04/06/2021;36829.0
1,62268E+12;03/06/2021;39246.79
1,62259E+12;02/06/2021;37568.68
1,62251E+12;01/06/2021;36693.09
1,62242E+12;31/05/2021;37253.81
1,62233E+12;30/05/2021;35641.27
1,62225E+12;29/05/2021;34605.15
1,62216E+12;28/05/2021;35663.49
1,62207E+12;27/05/2021;38529.98
1,62199E+12;26/05/2021;39241.91
1,6219E+12;25/05/2021;38324.72
1,62181E+12;24/05/2021;38796.29
1,62173E+12;23/05/2021;34655.25
1,62164E+12;22/05/2021;37449.73
1,62156E+12;21/05/2021;37252.01
1,62147E+12;20/05/2021;40526.64
1,62138E+12;19/05/2021;36690.09
1,6213E+12;18/05/2021;42849.78
1,62121E+12;17/05/2021;43538.04
1,62112E+12;16/05/2021;46431.5
1,62104E+12;15/05/2021;46762.99
1,62095E+12;14/05/2021;49841.45
1,62086E+12;13/05/2021;49670.97
1,62078E+12;12/05/2021;49631.32
1,62069E+12;11/05/2021;56670.02
1,6206E+12;10/05/2021;55816.14
1,62052E+12;09/05/2021;58240.84
1,62043E+12;08/05/2021;58862.05
1,62035E+12;07/05/2021;57314.75
1,62026E+12;06/05/2021;56393.68
1,62017E+12;05/05/2021;57436.11
1,62009E+12;04/05/2021;53200.01
1,62E+12;03/05/2021;57169.39
1,61991E+12;02/05/2021;56578.21
1,61983E+12;01/05/2021;57800.37
1,61974E+12;30/04/2021;57694.27
1,61965E+12;29/04/2021;53555.0
1,61957E+12;28/04/2021;54846.22
1,61948E+12;27/04/2021;55011.97
1,6194E+12;26/04/2021;54001.39
1,61931E+12;25/04/2021;49066.77
1,61922E+12;24/04/2021;50047.84
1,61914E+12;23/04/2021;51125.14
1,61905E+12;22/04/2021;51690.96
1,61896E+12;21/04/2021;53787.63
1,61888E+12;20/04/2021;56425.0
1,61879E+12;19/04/2021;55633.14
1,6187E+12;18/04/2021;56150.01
1,61862E+12;17/04/2021;60006.66
1,61853E+12;16/04/2021;61334.8
1,61844E+12;15/04/2021;63159.98
1,61836E+12;14/04/2021;62959.53
1,61827E+12;13/04/2021;63575.0
1,61819E+12;12/04/2021;59860.0
1,6181E+12;11/04/2021;60002.43
1,61801E+12;10/04/2021;59769.13
1,61793E+12;09/04/2021;58142.54
1,61784E+12;08/04/2021;58077.52
1,61775E+12;07/04/2021;55953.45
1,61767E+12;06/04/2021;57991.15
1,61758E+12;05/04/2021;59129.99
1,61749E+12;04/04/2021;58202.01
1,61741E+12;03/04/2021;57051.94
1,61732E+12;02/04/2021;58950.01
1,61724E+12;01/04/2021;58720.44
1,61715E+12;31/03/2021;58740.55
1,61706E+12;30/03/2021;58746.57
1,61698E+12;29/03/2021;57635.47
1,61689E+12;28/03/2021;55777.63
1,6168E+12;27/03/2021;55817.14
1,61672E+12;26/03/2021;55025.59
1,61663E+12;25/03/2021;51293.78
1,61654E+12;24/03/2021;52303.65
1,61646E+12;23/03/2021;54340.89
1,61637E+12;22/03/2021;54083.25
1,61628E+12;21/03/2021;57351.56
1,6162E+12;20/03/2021;58102.28
1,61611E+12;19/03/2021;58030.01
1,61603E+12;18/03/2021;57648.16
1,61594E+12;17/03/2021;58912.97
1,61585E+12;16/03/2021;56900.75
1,61577E+12;15/03/2021;55605.2
1,61568E+12;14/03/2021;58968.31
1,61559E+12;13/03/2021;61188.39
1,61551E+12;12/03/2021;57221.72
1,61542E+12;11/03/2021;57773.16
1,61533E+12;10/03/2021;55851.59
1,61525E+12;09/03/2021;54884.5
1,61516E+12;08/03/2021;52375.17
1,61508E+12;07/03/2021;50971.75
1,61499E+12;06/03/2021;48882.2
1,6149E+12;05/03/2021;48751.71
1,61482E+12;04/03/2021;48374.09
1,61473E+12;03/03/2021;50349.37
1,61464E+12;02/03/2021;48440.65
1,61456E+12;01/03/2021;49587.03
1,61447E+12;28/02/2021;45135.66
1,61438E+12;27/02/2021;46106.43
1,6143E+12;26/02/2021;46276.87
1,61421E+12;25/02/2021;47073.73
1,61412E+12;24/02/2021;49676.2
1,61404E+12;23/02/2021;48891.0
1,61395E+12;22/02/2021;54087.67
1,61387E+12;21/02/2021;57408.57
1,61378E+12;20/02/2021;55841.19
1,61369E+12;19/02/2021;55906.0
1,61361E+12;18/02/2021;51552.6
1,61352E+12;17/02/2021;52119.71
1,61343E+12;16/02/2021;49133.45
1,61335E+12;15/02/2021;47911.1
1,61326E+12;14/02/2021;48577.79
1,61317E+12;13/02/2021;47153.69
1,61309E+12;12/02/2021;47287.6
1,613E+12;11/02/2021;47969.51
1,61292E+12;10/02/2021;44807.58
1,61283E+12;09/02/2021;46420.42
1,61274E+12;08/02/2021;46374.87
1,61266E+12;07/02/2021;38795.69
1,61257E+12;06/02/2021;39186.94
1,61248E+12;05/02/2021;38290.24
1,6124E+12;04/02/2021;36936.66
1,61231E+12;03/02/2021;37618.87
1,61222E+12;02/02/2021;35466.24
1,61214E+12;01/02/2021;33526.37
1,61205E+12;31/01/2021;33092.98
1,61196E+12;30/01/2021;34262.88
1,61188E+12;29/01/2021;34252.2
1,61179E+12;28/01/2021;33364.86
1,61171E+12;27/01/2021;30366.15
1,61162E+12;26/01/2021;32467.77
1,61153E+12;25/01/2021;32254.2
1,61145E+12;24/01/2021;32259.9
1,61136E+12;23/01/2021;32078.0
1,61127E+12;22/01/2021;32945.17
1,61119E+12;21/01/2021;30850.13
1,6111E+12;20/01/2021;35468.23
1,61101E+12;19/01/2021;35891.49
1,61093E+12;18/01/2021;36631.27
1,61084E+12;17/01/2021;35828.61
1,61076E+12;16/01/2021;35994.98
1,61067E+12;15/01/2021;36742.22
1,61058E+12;14/01/2021;39144.5
1,6105E+12;13/01/2021;37371.38
1,61041E+12;12/01/2021;34051.24
1,61032E+12;11/01/2021;35404.47
1,61024E+12;10/01/2021;38150.02
1,61015E+12;09/01/2021;40088.22
1,61006E+12;08/01/2021;40582.81
1,60998E+12;07/01/2021;39432.28
1,60989E+12;06/01/2021;36769.36
1,6098E+12;05/01/2021;33949.53
1,60972E+12;04/01/2021;31988.71
1,60963E+12;03/01/2021;33000.05
1,60955E+12;02/01/2021;32178.33
1,60946E+12;01/01/2021;29331.69
1,60937E+12;31/12/2020;28923.63
1,60929E+12;30/12/2020;28875.54
1,6092E+12;29/12/2020;27385.0
1,60911E+12;28/12/2020;27079.41
1,60903E+12;27/12/2020;26281.66
1,60894E+12;26/12/2020;26493.39
1,60885E+12;25/12/2020;24712.47
1,60877E+12;24/12/2020;23729.2
1,60868E+12;23/12/2020;23232.76
1,6086E+12;22/12/2020;23810.79
1,60851E+12;21/12/2020;22719.71
1,60842E+12;20/12/2020;23455.52
1,60834E+12;19/12/2020;23821.61
1,60825E+12;18/12/2020;23107.39
1,60816E+12;17/12/2020;22797.16
1,60808E+12;16/12/2020;21335.52
1,60799E+12;15/12/2020;19426.43
1,6079E+12;14/12/2020;19273.14
1,60782E+12;13/12/2020;19174.99
1,60773E+12;12/12/2020;18808.69
1,60764E+12;11/12/2020;18036.53
1,60756E+12;10/12/2020;18254.63
1,60747E+12;09/12/2020;18541.28
1,60739E+12;08/12/2020;18324.11
1,6073E+12;07/12/2020;19166.9
1,60721E+12;06/12/2020;19359.4
1,60713E+12;05/12/2020;19147.66
1,60704E+12;04/12/2020;18650.52
1,60695E+12;03/12/2020;19421.9
1,60687E+12;02/12/2020;19204.09
1,60678E+12;01/12/2020;18764.96
1,60669E+12;30/11/2020;19695.87
1,60661E+12;29/11/2020;18184.99
1,60652E+12;28/11/2020;17719.85
1,60644E+12;27/11/2020;17139.52
1,60635E+12;26/11/2020;17149.47
1,60626E+12;25/11/2020;18719.11
1,60618E+12;24/11/2020;19160.01
1,60609E+12;23/11/2020;18368.0
1,606E+12;22/11/2020;18414.43
1,60592E+12;21/11/2020;18703.8
1,60583E+12;20/11/2020;18655.67
1,60574E+12;19/11/2020;17802.82
1,60566E+12;18/11/2020;17776.12
1,60557E+12;17/11/2020;17659.38
1,60548E+12;16/11/2020;16713.57
1,6054E+12;15/11/2020;15957.0
1,60531E+12;14/11/2020;16070.45
1,60523E+12;13/11/2020;16320.7
1,60514E+12;12/11/2020;16291.86
1,60505E+12;11/11/2020;15684.24
1,60497E+12;10/11/2020;15297.21
1,60488E+12;09/11/2020;15328.41
1,60479E+12;08/11/2020;15475.1
1,60471E+12;07/11/2020;14818.3
1,60462E+12;06/11/2020;15579.92
1,60453E+12;05/11/2020;15590.02
1,60445E+12;04/11/2020;14144.01
1,60436E+12;03/11/2020;14023.53
1,60428E+12;02/11/2020;13549.37
1,60419E+12;01/11/2020;13761.5
1,6041E+12;31/10/2020;13791.0
1,60402E+12;30/10/2020;13560.1
1,60393E+12;29/10/2020;13455.7
1,60384E+12;28/10/2020;13266.4
1,60376E+12;27/10/2020;13636.17
1,60367E+12;26/10/2020;13052.19
1,60358E+12;25/10/2020;13028.83
1,6035E+12;24/10/2020;13111.73
1,60341E+12;23/10/2020;12923.07
1,60332E+12;22/10/2020;12968.52
1,60324E+12;21/10/2020;12780.96
1,60315E+12;20/10/2020;11909.99
1,60307E+12;19/10/2020;11751.47
1,60298E+12;18/10/2020;11503.14
1,60289E+12;17/10/2020;11360.2
1,60281E+12;16/10/2020;11319.32
1,60272E+12;15/10/2020;11505.12
1,60263E+12;14/10/2020;11417.89
1,60255E+12;13/10/2020;11420.56
1,60246E+12;12/10/2020;11528.25
1,60237E+12;11/10/2020;11369.02
1,60229E+12;10/10/2020;11293.22
1,6022E+12;09/10/2020;11050.64
1,60212E+12;08/10/2020;10925.57
1,60203E+12;07/10/2020;10666.39
1,60194E+12;06/10/2020;10599.66
1,60186E+12;05/10/2020;10792.21
1,60177E+12;04/10/2020;10666.63
1,60168E+12;03/10/2020;10542.06
1,6016E+12;02/10/2020;10570.4
1,60151E+12;01/10/2020;10619.13
1,60142E+12;30/09/2020;10776.59
1,60134E+12;29/09/2020;10840.48
1,60125E+12;28/09/2020;10696.12
1,60116E+12;27/09/2020;10774.25
1,60108E+12;26/09/2020;10728.6
1,60099E+12;25/09/2020;10686.67
1,60091E+12;24/09/2020;10736.32
1,60082E+12;23/09/2020;10241.46
1,60073E+12;22/09/2020;10529.61
1,60065E+12;21/09/2020;10417.22
1,60056E+12;20/09/2020;10920.28
1,60047E+12;19/09/2020;11080.65
1,60039E+12;18/09/2020;10933.39
1,6003E+12;17/09/2020;10939.99
1,60021E+12;16/09/2020;10954.01
1,60013E+12;15/09/2020;10785.31
1,60004E+12;14/09/2020;10671.77
1,59996E+12;13/09/2020;10332.83
1,59987E+12;12/09/2020;10440.92
1,59978E+12;11/09/2020;10387.89
1,5997E+12;10/09/2020;10336.87
1,59961E+12;09/09/2020;10219.2
1,59952E+12;08/09/2020;10126.65
1,59944E+12;07/09/2020;10373.44
1,59935E+12;06/09/2020;10256.2
1,59926E+12;05/09/2020;10166.69
1,59918E+12;04/09/2020;10446.25
1,59909E+12;03/09/2020;10140.85
1,599E+12;02/09/2020;11388.54
1,59892E+12;01/09/2020;11921.97
1,59883E+12;31/08/2020;11649.51
1,59875E+12;30/08/2020;11711.16
1,59866E+12;29/08/2020;11465.84
1,59857E+12;28/08/2020;11526.91
1,59849E+12;27/08/2020;11330.38
1,5984E+12;26/08/2020;11461.43
1,59831E+12;25/08/2020;11318.42
1,59823E+12;24/08/2020;11748.2
1,59814E+12;23/08/2020;11648.13
1,59805E+12;22/08/2020;11662.96
1,59797E+12;21/08/2020;11531.34
1,59788E+12;20/08/2020;11853.55
1,5978E+12;19/08/2020;11754.59
1,59771E+12;18/08/2020;11945.01
1,59762E+12;17/08/2020;12281.13
1,59754E+12;16/08/2020;11911.0
1,59745E+12;15/08/2020;11852.4
1,59736E+12;14/08/2020;11760.54
1,59728E+12;13/08/2020;11780.0
1,59719E+12;12/08/2020;11564.33
1,5971E+12;11/08/2020;11392.08
1,59702E+12;10/08/2020;11892.92
1,59693E+12;09/08/2020;11681.68
1,59684E+12;08/08/2020;11761.41
1,59676E+12;07/08/2020;11594.23
1,59667E+12;06/08/2020;11762.46
1,59659E+12;05/08/2020;11744.91
1,5965E+12;04/08/2020;11191.97
1,59641E+12;03/08/2020;11219.81
1,59633E+12;02/08/2020;11071.35
1,59624E+12;01/08/2020;11801.17
1,59615E+12;31/07/2020;11335.46
1,59607E+12;30/07/2020;11099.61
1,59598E+12;29/07/2020;11100.53
1,59589E+12;28/07/2020;10906.27
1,59581E+12;27/07/2020;11029.96
1,59572E+12;26/07/2020;9931.54
1,59564E+12;25/07/2020;9700.42
1,59555E+12;24/07/2020;9537.8
1,59546E+12;23/07/2020;9603.27
1,59538E+12;22/07/2020;9518.16
1,59529E+12;21/07/2020;9390.0
1,5952E+12;20/07/2020;9160.78
1,59512E+12;19/07/2020;9208.99
1,59503E+12;18/07/2020;9170.28
1,59494E+12;17/07/2020;9154.32
1,59486E+12;16/07/2020;9133.72
1,59477E+12;15/07/2020;9197.6
1,59468E+12;14/07/2020;9255.85
1,5946E+12;13/07/2020;9242.62
1,59451E+12;12/07/2020;9302.75
1,59443E+12;11/07/2020;9234.03
1,59434E+12;10/07/2020;9288.34
1,59425E+12;09/07/2020;9232.43
1,59417E+12;08/07/2020;9436.06
1,59408E+12;07/07/2020;9257.39
1,59399E+12;06/07/2020;9344.2
1,59391E+12;05/07/2020;9069.41
1,59382E+12;04/07/2020;9135.46
1,59373E+12;03/07/2020;9058.26
1,59365E+12;02/07/2020;9086.54
1,59356E+12;01/07/2020;9232.0
1,59348E+12;30/06/2020;9138.55
1,59339E+12;29/06/2020;9192.56
1,5933E+12;28/06/2020;9116.35
1,59322E+12;27/06/2020;9012.0
1,59313E+12;26/06/2020;9162.21
1,59304E+12;25/06/2020;9249.49
1,59296E+12;24/06/2020;9296.49
1,59287E+12;23/06/2020;9624.89
1,59278E+12;22/06/2020;9685.69
1,5927E+12;21/06/2020;9294.69
1,59261E+12;20/06/2020;9358.95
1,59252E+12;19/06/2020;9310.23
1,59244E+12;18/06/2020;9386.32
1,59235E+12;17/06/2020;9465.14
1,59227E+12;16/06/2020;9525.59
1,59218E+12;15/06/2020;9426.02
1,59209E+12;14/06/2020;9342.1
1,59201E+12;13/06/2020;9473.34
1,59192E+12;12/06/2020;9465.13
1,59183E+12;11/06/2020;9280.4
1,59175E+12;10/06/2020;9885.0
1,59166E+12;09/06/2020;9772.43
1,59157E+12;08/06/2020;9782.01
1,59149E+12;07/06/2020;9746.99
1,5914E+12;06/06/2020;9666.3
1,59132E+12;05/06/2020;9621.16
1,59123E+12;04/06/2020;9789.06
1,59114E+12;03/06/2020;9666.24
1,59106E+12;02/06/2020;9518.04
1,59097E+12;01/06/2020;10200.77
1,59088E+12;31/05/2020;9448.27
1,5908E+12;30/05/2020;9697.72
1,59071E+12;29/05/2020;9427.07
1,59062E+12;28/05/2020;9575.89
1,59054E+12;27/05/2020;9204.07
1,59045E+12;26/05/2020;8841.18
1,59036E+12;25/05/2020;8900.35
1,59028E+12;24/05/2020;8720.34
1,59019E+12;23/05/2020;9179.15
1,59011E+12;22/05/2020;9170.0
1,59002E+12;21/05/2020;9068.65
1,58993E+12;20/05/2020;9511.43
1,58985E+12;19/05/2020;9775.53
1,58976E+12;18/05/2020;9733.93
1,58967E+12;17/05/2020;9680.04
1,58959E+12;16/05/2020;9381.27
1,5895E+12;15/05/2020;9316.42
1,58941E+12;14/05/2020;9791.98
1,58933E+12;13/05/2020;9309.37
1,58924E+12;12/05/2020;8810.79
1,58916E+12;11/05/2020;8561.52
1,58907E+12;10/05/2020;8722.77
1,58898E+12;09/05/2020;9539.4
1,5889E+12;08/05/2020;9800.01
1,58881E+12;07/05/2020;9986.4
1,58872E+12;06/05/2020;9142.92
1,58864E+12;05/05/2020;9021.83
1,58855E+12;04/05/2020;8871.96
1,58846E+12;03/05/2020;8894.16
1,58838E+12;02/05/2020;8972.05
1,58829E+12;01/05/2020;8826.96
1,5882E+12;30/04/2020;8620.0
1,58812E+12;29/04/2020;8778.57
1,58803E+12;28/04/2020;7738.98
1,58795E+12;27/04/2020;7774.62
1,58786E+12;26/04/2020;7693.1
1,58777E+12;25/04/2020;7538.67
1,58769E+12;24/04/2020;7505.0
1,5876E+12;23/04/2020;7482.39
1,58751E+12;22/04/2020;7125.14
1,58743E+12;21/04/2020;6841.37
1,58734E+12;20/04/2020;6826.83
1,58725E+12;19/04/2020;7120.74
1,58717E+12;18/04/2020;7248.6
1,58708E+12;17/04/2020;7027.55
1,587E+12;16/04/2020;7101.94
1,58691E+12;15/04/2020;6621.24
1,58682E+12;14/04/2020;6868.7
1,58674E+12;13/04/2020;6837.91
1,58665E+12;12/04/2020;6903.79
1,58656E+12;11/04/2020;6876.83
1,58648E+12;10/04/2020;6858.92
1,58639E+12;09/04/2020;7283.54
1,5863E+12;08/04/2020;7361.28
1,58622E+12;07/04/2020;7197.32
1,58613E+12;06/04/2020;7329.9
1,58604E+12;05/04/2020;6772.78
1,58596E+12;04/04/2020;6856.99
1,58587E+12;03/04/2020;6734.1
1,58579E+12;02/04/2020;6794.09
1,5857E+12;01/04/2020;6642.92
1,58561E+12;31/03/2020;6410.44
1,58553E+12;30/03/2020;6394.38
1,58544E+12;29/03/2020;5881.42
1,58535E+12;28/03/2020;6236.65
1,58527E+12;27/03/2020;6359.11
1,58518E+12;26/03/2020;6737.36
1,58509E+12;25/03/2020;6677.43
1,58501E+12;24/03/2020;6744.72
1,58492E+12;23/03/2020;6467.31
1,58484E+12;22/03/2020;5816.19
1,58475E+12;21/03/2020;6186.98
1,58466E+12;20/03/2020;6208.36
1,58458E+12;19/03/2020;6162.37
1,58449E+12;18/03/2020;5393.04
1,5844E+12;17/03/2020;5312.64
1,58432E+12;16/03/2020;5028.97
1,58423E+12;15/03/2020;5361.3
1,58414E+12;14/03/2020;5172.06
1,58406E+12;13/03/2020;5578.6
1,58397E+12;12/03/2020;4800.0
1,58388E+12;11/03/2020;7934.52
1,5838E+12;10/03/2020;7894.56
1,58371E+12;09/03/2020;7929.87
1,58363E+12;08/03/2020;8033.31
1,58354E+12;07/03/2020;8886.66
1,58345E+12;06/03/2020;9131.88
1,58337E+12;05/03/2020;9054.68
1,58328E+12;04/03/2020;8750.87
1,58319E+12;03/03/2020;8760.07
1,58311E+12;02/03/2020;8915.24
1,58302E+12;01/03/2020;8531.88
1,58293E+12;29/02/2020;8523.61
1,58285E+12;28/02/2020;8692.91
1,58276E+12;27/02/2020;8823.21
1,58268E+12;26/02/2020;8785.25
1,58259E+12;25/02/2020;9315.84
1,5825E+12;24/02/2020;9656.13
1,58242E+12;23/02/2020;9936.4
1,58233E+12;22/02/2020;9650.86
1,58224E+12;21/02/2020;9677.05
1,58216E+12;20/02/2020;9596.42
1,58207E+12;19/02/2020;9593.79
1,58198E+12;18/02/2020;10164.71
1,5819E+12;17/02/2020;9706.0
1,58181E+12;16/02/2020;9917.27
1,58172E+12;15/02/2020;9904.72
1,58164E+12;14/02/2020;10344.36
1,58155E+12;13/02/2020;10229.63
1,58147E+12;12/02/2020;10326.46
1,58138E+12;11/02/2020;10223.08
1,58129E+12;10/02/2020;9851.83
1,58121E+12;09/02/2020;10151.75
1,58112E+12;08/02/2020;9895.05
1,58103E+12;07/02/2020;9813.73
1,58095E+12;06/02/2020;9772.0
1,58086E+12;05/02/2020;9612.04
1,58077E+12;04/02/2020;9197.02
1,58069E+12;03/02/2020;9292.24
1,5806E+12;02/02/2020;9331.51
1,58052E+12;01/02/2020;9384.61
1,58043E+12;31/01/2020;9352.89
1,58034E+12;30/01/2020;9513.21
1,58026E+12;29/01/2020;9301.53
1,58017E+12;28/01/2020;9374.21
1,58008E+12;27/01/2020;8907.57
1,58E+12;26/01/2020;8615.0
1,57991E+12;25/01/2020;8340.58
1,57982E+12;24/01/2020;8439.0
1,57974E+12;23/01/2020;8404.52
1,57965E+12;22/01/2020;8682.36
1,57956E+12;21/01/2020;8736.03
1,57948E+12;20/01/2020;8642.35
1,57939E+12;19/01/2020;8701.7
1,57931E+12;18/01/2020;8915.96
1,57922E+12;17/01/2020;8913.28
1,57913E+12;16/01/2020;8720.01
1,57905E+12;15/01/2020;8821.41
1,57896E+12;14/01/2020;8810.01
1,57887E+12;13/01/2020;8110.34
1,57879E+12;12/01/2020;8184.98
1,5787E+12;11/01/2020;8020.01
1,57861E+12;10/01/2020;8197.02
1,57853E+12;09/01/2020;7817.76
1,57844E+12;08/01/2020;8055.98
1,57836E+12;07/01/2020;8145.28
1,57827E+12;06/01/2020;7758.0
1,57818E+12;05/01/2020;7358.75
1,5781E+12;04/01/2020;7354.11
1,57801E+12;03/01/2020;7344.96
1,57792E+12;02/01/2020;6965.71
1,57784E+12;01/01/2020;7200.85
1,57775E+12;31/12/2019;7195.23
1,57766E+12;30/12/2019;7246.0
1,57758E+12;29/12/2019;7388.24
1,57749E+12;28/12/2019;7316.14
1,5774E+12;27/12/2019;7254.74
1,57732E+12;26/12/2019;7202.0
1,57723E+12;25/12/2019;7204.63
1,57715E+12;24/12/2019;7255.77
1,57706E+12;23/12/2019;7317.09
1,57697E+12;22/12/2019;7501.44
1,57689E+12;21/12/2019;7132.75
1,5768E+12;20/12/2019;7187.83
1,57671E+12;19/12/2019;7150.3
1,57663E+12;18/12/2019;7277.83
1,57654E+12;17/12/2019;6623.82
1,57645E+12;16/12/2019;6891.72
1,57637E+12;15/12/2019;7118.59
1,57628E+12;14/12/2019;7064.05
1,5762E+12;13/12/2019;7258.48
1,57611E+12;12/12/2019;7198.08
1,57602E+12;11/12/2019;7210.0
1,57594E+12;10/12/2019;7224.13
1,57585E+12;09/12/2019;7338.64
1,57576E+12;08/12/2019;7510.11
1,57568E+12;07/12/2019;7488.21
1,57559E+12;06/12/2019;7527.47
1,5755E+12;05/12/2019;7389.0
1,57542E+12;04/12/2019;7194.32
1,57533E+12;03/12/2019;7292.71
1,57524E+12;02/12/2019;7294.28
1,57516E+12;01/12/2019;7390.89
1,57507E+12;30/11/2019;7541.89
1,57499E+12;29/11/2019;7739.68
1,5749E+12;28/11/2019;7419.49
1,57481E+12;27/11/2019;7508.52
1,57473E+12;26/11/2019;7156.14
1,57464E+12;25/11/2019;7109.57
1,57455E+12;24/11/2019;6903.28
1,57447E+12;23/11/2019;7311.57
1,57438E+12;22/11/2019;7268.23
1,57429E+12;21/11/2019;7627.74
1,57421E+12;20/11/2019;8098.01
1,57412E+12;19/11/2019;8133.64
1,57404E+12;18/11/2019;8187.17
1,57395E+12;17/11/2019;8502.4
1,57386E+12;16/11/2019;8491.02
1,57378E+12;15/11/2019;8471.73
1,57369E+12;14/11/2019;8646.68
1,5736E+12;13/11/2019;8777.12
1,57352E+12;12/11/2019;8821.94
1,57343E+12;11/11/2019;8733.27
1,57334E+12;10/11/2019;9039.47
1,57326E+12;09/11/2019;8809.41
1,57317E+12;08/11/2019;8773.73
1,57308E+12;07/11/2019;9216.2
1,573E+12;06/11/2019;9339.05
1,57291E+12;05/11/2019;9308.66
1,57283E+12;04/11/2019;9393.35
1,57274E+12;03/11/2019;9194.71
1,57265E+12;02/11/2019;9289.52
1,57257E+12;01/11/2019;9231.61
1,57248E+12;31/10/2019;9140.85
1,57239E+12;30/10/2019;9154.72
1,57231E+12;29/10/2019;9407.62
1,57222E+12;28/10/2019;9205.14
1,57213E+12;27/10/2019;9529.93
1,57205E+12;26/10/2019;9230.0
1,57196E+12;25/10/2019;8655.02
1,57188E+12;24/10/2019;7412.41
1,57179E+12;23/10/2019;7466.62
1,5717E+12;22/10/2019;8020.0
1,57162E+12;21/10/2019;8197.27
1,57153E+12;20/10/2019;8223.35
1,57144E+12;19/10/2019;7948.01
1,57136E+12;18/10/2019;7947.01
1,57127E+12;17/10/2019;8070.58
1,57118E+12;16/10/2019;7991.74
1,5711E+12;15/10/2019;8159.29
1,57101E+12;14/10/2019;8348.2
1,57092E+12;13/10/2019;8275.01
1,57084E+12;12/10/2019;8300.09
1,57075E+12;11/10/2019;8258.5
1,57067E+12;10/10/2019;8558.03
1,57058E+12;09/10/2019;8560.74
1,57049E+12;08/10/2019;8168.39
1,57041E+12;07/10/2019;8190.09
1,57032E+12;06/10/2019;7854.25
1,57023E+12;05/10/2019;8126.19
1,57015E+12;04/10/2019;8137.13
1,57006E+12;03/10/2019;8223.96
1,56997E+12;02/10/2019;8359.94
1,56989E+12;01/10/2019;8292.44
1,5698E+12;30/09/2019;8289.34
1,56972E+12;29/09/2019;8043.82
1,56963E+12;28/09/2019;8198.81
1,56954E+12;27/09/2019;8177.91
1,56946E+12;26/09/2019;8063.73
1,56937E+12;25/09/2019;8430.05
1,56928E+12;24/09/2019;8493.14
1,5692E+12;23/09/2019;9702.25
1,56911E+12;22/09/2019;10028.87
1,56902E+12;21/09/2019;9986.39
1,56894E+12;20/09/2019;10168.59
1,56885E+12;19/09/2019;10244.29
1,56876E+12;18/09/2019;10156.99
1,56868E+12;17/09/2019;10187.82
1,56859E+12;16/09/2019;10251.31
1,56851E+12;15/09/2019;10302.01
1,56842E+12;14/09/2019;10335.02
1,56833E+12;13/09/2019;10342.06
1,56825E+12;12/09/2019;10415.01
1,56816E+12;11/09/2019;10158.33
1,56807E+12;10/09/2019;10098.15
1,56799E+12;09/09/2019;10303.12
1,5679E+12;08/09/2019;10381.18
1,56781E+12;07/09/2019;10455.88
1,56773E+12;06/09/2019;10298.73
1,56764E+12;05/09/2019;10564.49
1,56756E+12;04/09/2019;10567.02
1,56747E+12;03/09/2019;10615.28
1,56738E+12;02/09/2019;10340.0
1,5673E+12;01/09/2019;9724.98
1,56721E+12;31/08/2019;9587.47
1,56712E+12;30/08/2019;9584.54
1,56704E+12;29/08/2019;9498.44
1,56695E+12;28/08/2019;9721.0
1,56686E+12;27/08/2019;10185.05
1,56678E+12;26/08/2019;10372.25
1,56669E+12;25/08/2019;10142.69
1,5666E+12;24/08/2019;10134.35
1,56652E+12;23/08/2019;10389.55
1,56643E+12;22/08/2019;10099.88
1,56635E+12;21/08/2019;10142.57
1,56626E+12;20/08/2019;10760.51
1,56617E+12;19/08/2019;10915.54
1,56609E+12;18/08/2019;10306.78
1,566E+12;17/08/2019;10216.02
1,56591E+12;16/08/2019;10331.54
1,56583E+12;15/08/2019;10293.93
1,56574E+12;14/08/2019;10050.37
1,56565E+12;13/08/2019;10892.71
1,56557E+12;12/08/2019;11396.08
1,56548E+12;11/08/2019;11549.97
1,5654E+12;10/08/2019;11309.31
1,56531E+12;09/08/2019;11879.99
1,56522E+12;08/08/2019;11999.77
1,56514E+12;07/08/2019;11975.03
1,56505E+12;06/08/2019;11481.69
1,56496E+12;05/08/2019;11828.8
1,56488E+12;04/08/2019;10929.23
1,56479E+12;03/08/2019;10816.86
1,5647E+12;02/08/2019;10523.75
1,56462E+12;01/08/2019;10374.99
1,56453E+12;31/07/2019;10080.53
1,56444E+12;30/07/2019;9574.21
1,56436E+12;29/07/2019;9507.64
1,56427E+12;28/07/2019;9541.54
1,56419E+12;27/07/2019;9476.52
1,5641E+12;26/07/2019;9824.0
1,56401E+12;25/07/2019;9879.87
1,56393E+12;24/07/2019;9763.28
1,56384E+12;23/07/2019;9864.91
1,56375E+12;22/07/2019;10340.31
1,56367E+12;21/07/2019;10589.45
1,56358E+12;20/07/2019;10740.23
1,56349E+12;19/07/2019;10504.29
1,56341E+12;18/07/2019;10627.16
1,56332E+12;17/07/2019;9667.92
1,56324E+12;16/07/2019;9439.59
1,56315E+12;15/07/2019;10838.72
1,56306E+12;14/07/2019;10174.18
1,56298E+12;13/07/2019;11355.76
1,56289E+12;12/07/2019;11757.22
1,5628E+12;11/07/2019;11342.89
1,56272E+12;10/07/2019;12108.37
1,56263E+12;09/07/2019;12543.41
1,56254E+12;08/07/2019;12238.6
1,56246E+12;07/07/2019;11406.24
1,56237E+12;06/07/2019;11256.49
1,56228E+12;05/07/2019;10970.73
1,5622E+12;04/07/2019;11145.67
1,56211E+12;03/07/2019;11940.0
1,56203E+12;02/07/2019;10842.85
1,56194E+12;01/07/2019;10624.93
1,56185E+12;30/06/2019;10854.1
1,56177E+12;29/06/2019;11903.13
1,56168E+12;28/06/2019;12400.63
1,56159E+12;27/06/2019;11329.99
1,56151E+12;26/06/2019;13093.8
1,56142E+12;25/06/2019;11820.86
1,56133E+12;24/06/2019;11056.59
1,56125E+12;23/06/2019;10906.07
1,56116E+12;22/06/2019;10729.5
1,56108E+12;21/06/2019;10159.86
1,56099E+12;20/06/2019;9517.12
1,5609E+12;19/06/2019;9255.49
1,56082E+12;18/06/2019;9081.55
1,56073E+12;17/06/2019;9313.96
1,56064E+12;16/06/2019;8953.33
1,56056E+12;15/06/2019;8808.7
1,56047E+12;14/06/2019;8650.0
1,56038E+12;13/06/2019;8218.54
1,5603E+12;12/06/2019;8127.64
1,56021E+12;11/06/2019;7884.9
1,56012E+12;10/06/2019;7982.75
1,56004E+12;09/06/2019;7628.13
1,55995E+12;08/06/2019;7893.62
1,55987E+12;07/06/2019;7980.53
1,55978E+12;06/06/2019;7786.7
1,55969E+12;05/06/2019;7776.5
1,55961E+12;04/06/2019;7687.03
1,55952E+12;03/06/2019;8115.82
1,55943E+12;02/06/2019;8725.98
1,55935E+12;01/06/2019;8544.07
1,55926E+12;31/05/2019;8555.0
1,55917E+12;30/05/2019;8269.54
1,55909E+12;29/05/2019;8645.68
1,559E+12;28/05/2019;8715.64
1,55892E+12;27/05/2019;8756.32
1,55883E+12;26/05/2019;8614.43
1,55874E+12;25/05/2019;8025.41
1,55866E+12;24/05/2019;7964.87
1,55857E+12;23/05/2019;7851.51
1,55848E+12;22/05/2019;7628.43
1,5584E+12;21/05/2019;7904.87
1,55831E+12;20/05/2019;7938.15
1,55822E+12;19/05/2019;8148.48
1,55814E+12;18/05/2019;7257.45
1,55805E+12;17/05/2019;7355.26
1,55796E+12;16/05/2019;7866.59
1,55788E+12;15/05/2019;8169.87
1,55779E+12;14/05/2019;7947.56
1,55771E+12;13/05/2019;7790.71
1,55762E+12;12/05/2019;6967.31
1,55753E+12;11/05/2019;7076.22
1,55745E+12;10/05/2019;6373.33
1,55736E+12;09/05/2019;6209.18
1,55727E+12;08/05/2019;5987.29
1,55719E+12;07/05/2019;5846.34
1,5571E+12;06/05/2019;5747.79
1,55701E+12;05/05/2019;5775.62
1,55693E+12;04/05/2019;5829.45
1,55684E+12;03/05/2019;5772.69
1,55676E+12;02/05/2019;5492.87
1,55667E+12;01/05/2019;5383.2
1,55658E+12;30/04/2019;5320.81
1,5565E+12;29/04/2019;5238.14
1,55641E+12;28/04/2019;5307.52
1,55632E+12;27/04/2019;5295.69
1,55624E+12;26/04/2019;5314.1
1,55615E+12;25/04/2019;5219.9
1,55606E+12;24/04/2019;5415.0
1,55598E+12;23/04/2019;5493.31
1,55589E+12;22/04/2019;5357.14
1,5558E+12;21/04/2019;5256.14
1,55572E+12;20/04/2019;5291.73
1,55563E+12;19/04/2019;5258.68
1,55555E+12;18/04/2019;5258.44
1,55546E+12;17/04/2019;5202.82
1,55537E+12;16/04/2019;5173.72
1,55529E+12;15/04/2019;5024.95
1,5552E+12;14/04/2019;5131.3
1,55511E+12;13/04/2019;5045.22
1,55503E+12;12/04/2019;5048.01
1,55494E+12;11/04/2019;5017.37
1,55485E+12;10/04/2019;5308.25
1,55477E+12;09/04/2019;5150.0
1,55468E+12;08/04/2019;5236.9
1,5546E+12;07/04/2019;5170.27
1,55451E+12;06/04/2019;5043.89
1,55442E+12;05/04/2019;5004.95
1,55434E+12;04/04/2019;4898.66
1,55425E+12;03/04/2019;4932.6
1,55416E+12;02/04/2019;4857.29
1,55408E+12;01/04/2019;4144.56
1,55399E+12;31/03/2019;4103.95
1,5539E+12;30/03/2019;4106.97
1,55382E+12;29/03/2019;4103.25
1,55373E+12;28/03/2019;4027.81
1,55364E+12;27/03/2019;4038.05
1,55356E+12;26/03/2019;3948.55
1,55347E+12;25/03/2019;3936.12
1,55339E+12;24/03/2019;3992.18
1,5533E+12;23/03/2019;4006.01
1,55321E+12;22/03/2019;3986.93
1,55313E+12;21/03/2019;3980.64
1,55304E+12;20/03/2019;4043.04
1,55295E+12;19/03/2019;4015.53
1,55287E+12;18/03/2019;3987.81
1,55278E+12;17/03/2019;3981.14
1,55269E+12;16/03/2019;4005.98
1,55261E+12;15/03/2019;3923.76
1,55252E+12;14/03/2019;3877.12
1,55244E+12;13/03/2019;3866.0
1,55235E+12;12/03/2019;3882.73
1,55226E+12;11/03/2019;3871.61
1,55218E+12;10/03/2019;3916.82
1,55209E+12;09/03/2019;3943.04
1,552E+12;08/03/2019;3864.89
1,55192E+12;07/03/2019;3873.64
1,55183E+12;06/03/2019;3861.84
1,55174E+12;05/03/2019;3857.73
1,55166E+12;04/03/2019;3715.3
1,55157E+12;03/03/2019;3807.75
1,55148E+12;02/03/2019;3819.93
1,5514E+12;01/03/2019;3823.0
1,55131E+12;28/02/2019;3813.69
1,55123E+12;27/02/2019;3818.07
1,55114E+12;26/02/2019;3809.23
1,55105E+12;25/02/2019;3827.92
1,55097E+12;24/02/2019;3743.56
1,55088E+12;23/02/2019;4117.76
1,55079E+12;22/02/2019;3962.0
1,55071E+12;21/02/2019;3937.31
1,55062E+12;20/02/2019;3969.74
1,55053E+12;19/02/2019;3907.79
1,55045E+12;18/02/2019;3898.6
1,55036E+12;17/02/2019;3667.58
1,55028E+12;16/02/2019;3618.41
1,55019E+12;15/02/2019;3602.47
1,5501E+12;14/02/2019;3590.56
1,55002E+12;13/02/2019;3609.4
1,54993E+12;12/02/2019;3631.46
1,54984E+12;11/02/2019;3631.05
1,54976E+12;10/02/2019;3680.06
1,54967E+12;09/02/2019;3665.18
1,54958E+12;08/02/2019;3659.04
1,5495E+12;07/02/2019;3398.4
1,54941E+12;06/02/2019;3405.37
1,54932E+12;05/02/2019;3471.59
1,54924E+12;04/02/2019;3463.22
1,54915E+12;03/02/2019;3458.11
1,54907E+12;02/02/2019;3504.77
1,54898E+12;01/02/2019;3462.07
1,54889E+12;31/01/2019;3434.1
1,54881E+12;30/01/2019;3458.18
1,54872E+12;29/01/2019;3411.04
1,54863E+12;28/01/2019;3434.15
1,54855E+12;27/01/2019;3550.84
1,54846E+12;26/01/2019;3565.25
1,54837E+12;25/01/2019;3565.29
1,54829E+12;24/01/2019;3569.62
1,5482E+12;23/01/2019;3552.82
1,54812E+12;22/01/2019;3570.93
1,54803E+12;21/01/2019;3526.9
1,54794E+12;20/01/2019;3539.28
1,54786E+12;19/01/2019;3665.3
1,54777E+12;18/01/2019;3594.87
1,54768E+12;17/01/2019;3616.21
1,5476E+12;16/01/2019;3591.84
1,54751E+12;15/01/2019;3553.06
1,54742E+12;14/01/2019;3626.09
1,54734E+12;13/01/2019;3476.81
1,54725E+12;12/01/2019;3583.13
1,54716E+12;11/01/2019;3601.31
1,54708E+12;10/01/2019;3585.88
1,54699E+12;09/01/2019;3966.65
1,54691E+12;08/01/2019;3955.13
1,54682E+12;07/01/2019;3975.45
1,54673E+12;06/01/2019;3987.6
1,54665E+12;05/01/2019;3770.96
1,54656E+12;04/01/2019;3792.01
1,54647E+12;03/01/2019;3766.78
1,54639E+12;02/01/2019;3858.56
1,5463E+12;01/01/2019;3797.14
1,54621E+12;31/12/2018;3702.9
1,54613E+12;30/12/2018;3801.91
1,54604E+12;29/12/2018;3695.32
1,54596E+12;28/12/2018;3839.26
1,54587E+12;27/12/2018;3567.91
1,54578E+12;26/12/2018;3777.74
1,5457E+12;25/12/2018;3745.79
1,54561E+12;24/12/2018;4008.01
1,54552E+12;23/12/2018;3929.71
1,54544E+12;22/12/2018;3948.91
1,54535E+12;21/12/2018;3838.66
1,54526E+12;20/12/2018;4049.62
1,54518E+12;19/12/2018;3662.22
1,54509E+12;18/12/2018;3652.98
1,545E+12;17/12/2018;3509.08
1,54492E+12;16/12/2018;3228.67
1,54483E+12;15/12/2018;3211.72
1,54475E+12;14/12/2018;3224.17
1,54466E+12;13/12/2018;3302.06
1,54457E+12;12/12/2018;3445.0
1,54449E+12;11/12/2018;3380.39
1,5444E+12;10/12/2018;3432.88
1,54431E+12;09/12/2018;3545.37
1,54423E+12;08/12/2018;3410.93
1,54414E+12;07/12/2018;3403.55
1,54405E+12;06/12/2018;3508.75
1,54397E+12;05/12/2018;3769.84
1,54388E+12;04/12/2018;3951.64
1,5438E+12;03/12/2018;3884.01
1,54371E+12;02/12/2018;4161.01
1,54362E+12;01/12/2018;4190.02
1,54354E+12;30/11/2018;4041.32
1,54345E+12;29/11/2018;4295.84
1,54336E+12;28/11/2018;4264.85
1,54328E+12;27/11/2018;3875.21
1,54319E+12;26/11/2018;3862.2
1,5431E+12;25/11/2018;4085.78
1,54302E+12;24/11/2018;3932.44
1,54293E+12;23/11/2018;4420.61
1,54284E+12;22/11/2018;4370.0
1,54276E+12;21/11/2018;4661.07
1,54267E+12;20/11/2018;4558.86
1,54259E+12;19/11/2018;4910.03
1,5425E+12;18/11/2018;5662.0
1,54241E+12;17/11/2018;5628.29
1,54233E+12;16/11/2018;5655.94
1,54224E+12;15/11/2018;5753.4
1,54215E+12;14/11/2018;5922.41
1,54207E+12;13/11/2018;6457.66
1,54198E+12;12/11/2018;6453.07
1,54189E+12;11/11/2018;6449.81
1,54181E+12;10/11/2018;6433.05
1,54172E+12;09/11/2018;6419.99
1,54164E+12;08/11/2018;6479.84
1,54155E+12;07/11/2018;6578.46
1,54146E+12;06/11/2018;6519.11
1,54138E+12;05/11/2018;6468.99
1,54129E+12;04/11/2018;6485.85
1,5412E+12;03/11/2018;6387.09
1,54112E+12;02/11/2018;6433.98
1,54103E+12;01/11/2018;6410.0
1,54094E+12;31/10/2018;6371.93
1,54086E+12;30/10/2018;6330.87
1,54077E+12;29/10/2018;6344.5
1,54068E+12;28/10/2018;6489.93
1,5406E+12;27/10/2018;6505.6
1,54051E+12;26/10/2018;6538.63
1,54043E+12;25/10/2018;6528.09
1,54034E+12;24/10/2018;6565.5
1,54025E+12;23/10/2018;6553.51
1,54017E+12;22/10/2018;6581.2
1,54008E+12;21/10/2018;6590.11
1,53999E+12;20/10/2018;6588.4
1,53991E+12;19/10/2018;6528.88
1,53982E+12;18/10/2018;6618.96
1,53973E+12;17/10/2018;6740.89
1,53965E+12;16/10/2018;6759.27
1,53956E+12;15/10/2018;6752.5
1,53948E+12;14/10/2018;6339.34
1,53939E+12;13/10/2018;6332.93
1,5393E+12;12/10/2018;6298.01
1,53922E+12;11/10/2018;6252.68
1,53913E+12;10/10/2018;6631.0
1,53904E+12;09/10/2018;6656.61
1,53896E+12;08/10/2018;6673.01
1,53887E+12;07/10/2018;6615.26
1,53878E+12;06/10/2018;6594.27
1,5387E+12;05/10/2018;6635.65
1,53861E+12;04/10/2018;6593.79
1,53852E+12;03/10/2018;6510.0
1,53844E+12;02/10/2018;6525.79
1,53835E+12;01/10/2018;6611.61
1,53827E+12;30/09/2018;6626.57
1,53818E+12;29/09/2018;6596.38
1,53809E+12;28/09/2018;6634.58
1,53801E+12;27/09/2018;6689.13
1,53792E+12;26/09/2018;6465.12
1,53783E+12;25/09/2018;6447.54
1,53775E+12;24/09/2018;6581.39
1,53766E+12;23/09/2018;6708.0
1,53757E+12;22/09/2018;6723.05
1,53749E+12;21/09/2018;6759.02
1,5374E+12;20/09/2018;6492.0
1,53732E+12;19/09/2018;6391.89
1,53723E+12;18/09/2018;6336.45
1,53714E+12;17/09/2018;6248.69
1,53706E+12;16/09/2018;6505.0
1,53697E+12;15/09/2018;6514.96
1,53688E+12;14/09/2018;6476.63
1,5368E+12;13/09/2018;6487.38
1,53671E+12;12/09/2018;6338.62
1,53662E+12;11/09/2018;6294.91
1,53654E+12;10/09/2018;6312.0
1,53645E+12;09/09/2018;6250.81
1,53636E+12;08/09/2018;6185.05
1,53628E+12;07/09/2018;6395.54
1,53619E+12;06/09/2018;6516.01
1,53611E+12;05/09/2018;6700.0
1,53602E+12;04/09/2018;7359.06
1,53593E+12;03/09/2018;7263.02
1,53585E+12;02/09/2018;7302.01
1,53576E+12;01/09/2018;7200.01
1,53567E+12;31/08/2018;7011.21
1,53559E+12;30/08/2018;6984.84
1,5355E+12;29/08/2018;7031.22
1,53541E+12;28/08/2018;7076.11
1,53533E+12;27/08/2018;6908.64
1,53524E+12;26/08/2018;6700.0
1,53516E+12;25/08/2018;6733.64
1,53507E+12;24/08/2018;6681.64
1,53498E+12;23/08/2018;6525.01
1,5349E+12;22/08/2018;6360.89
1,53481E+12;21/08/2018;6480.0
1,53472E+12;20/08/2018;6254.84
1,53464E+12;19/08/2018;6477.53
1,53455E+12;18/08/2018;6387.96
1,53446E+12;17/08/2018;6584.49
1,53438E+12;16/08/2018;6311.75
1,53429E+12;15/08/2018;6267.16
1,5342E+12;14/08/2018;6188.08
1,53412E+12;13/08/2018;6246.35
1,53403E+12;12/08/2018;6308.33
1,53395E+12;11/08/2018;6232.35
1,53386E+12;10/08/2018;6144.01
1,53377E+12;09/08/2018;6529.79
1,53369E+12;08/08/2018;6285.0
1,5336E+12;07/08/2018;6720.06
1,53351E+12;06/08/2018;6934.82
1,53343E+12;05/08/2018;7024.19
1,53334E+12;04/08/2018;7009.84
1,53325E+12;03/08/2018;7418.78
1,53317E+12;02/08/2018;7525.71
1,53308E+12;01/08/2018;7604.58
1,533E+12;31/07/2018;7730.93
1,53291E+12;30/07/2018;8173.92
1,53282E+12;29/07/2018;8211.0
1,53274E+12;28/07/2018;8225.04
1,53265E+12;27/07/2018;8188.57
1,53256E+12;26/07/2018;7920.0
1,53248E+12;25/07/2018;8175.64
1,53239E+12;24/07/2018;8397.24
1,5323E+12;23/07/2018;7721.01
1,53222E+12;22/07/2018;7394.79
1,53213E+12;21/07/2018;7398.78
1,53204E+12;20/07/2018;7337.53
1,53196E+12;19/07/2018;7466.21
1,53187E+12;18/07/2018;7381.9
1,53179E+12;17/07/2018;7317.44
1,5317E+12;16/07/2018;6723.35
1,53161E+12;15/07/2018;6353.01
1,53153E+12;14/07/2018;6251.99
1,53144E+12;13/07/2018;6214.57
1,53135E+12;12/07/2018;6250.57
1,53127E+12;11/07/2018;6378.07
1,53118E+12;10/07/2018;6296.91
1,53109E+12;09/07/2018;6662.12
1,53101E+12;08/07/2018;6712.1
1,53092E+12;07/07/2018;6756.98
1,53084E+12;06/07/2018;6609.78
1,53075E+12;05/07/2018;6529.2
1,53066E+12;04/07/2018;6586.98
1,53058E+12;03/07/2018;6513.86
1,53049E+12;02/07/2018;6615.29
1,5304E+12;01/07/2018;6356.81
1,53032E+12;30/06/2018;6390.07
1,53023E+12;29/06/2018;6197.92
1,53014E+12;28/06/2018;5853.98
1,53006E+12;27/06/2018;6133.73
1,52997E+12;26/06/2018;6070.78
1,52988E+12;25/06/2018;6252.0
1,5298E+12;24/06/2018;6136.97
1,52971E+12;23/06/2018;6149.98
1,52963E+12;22/06/2018;6045.0
1,52954E+12;21/06/2018;6718.84
1,52945E+12;20/06/2018;6761.51
1,52937E+12;19/06/2018;6741.21
1,52928E+12;18/06/2018;6712.46
1,52919E+12;17/06/2018;6449.61
1,52911E+12;16/06/2018;6483.98
1,52902E+12;15/06/2018;6388.9
1,52893E+12;14/06/2018;6635.98
1,52885E+12;13/06/2018;6292.78
1,52876E+12;12/06/2018;6530.0
1,52868E+12;11/06/2018;6872.0
1,52859E+12;10/06/2018;6764.99
1,5285E+12;09/06/2018;7491.73
1,52842E+12;08/06/2018;7603.44
1,52833E+12;07/06/2018;7691.08
1,52824E+12;06/06/2018;7658.84
1,52816E+12;05/06/2018;7625.0
1,52807E+12;04/06/2018;7487.0
1,52798E+12;03/06/2018;7714.26
1,5279E+12;02/06/2018;7640.03
1,52781E+12;01/06/2018;7521.01
1,52772E+12;31/05/2018;7485.01
1,52764E+12;30/05/2018;7375.96
1,52755E+12;29/05/2018;7461.29
1,52747E+12;28/05/2018;7099.0
1,52738E+12;27/05/2018;7338.99
1,52729E+12;26/05/2018;7333.96
1,52721E+12;25/05/2018;7457.0
1,52712E+12;24/05/2018;7575.01
1,52703E+12;23/05/2018;7501.95
1,52695E+12;22/05/2018;7977.11
1,52686E+12;21/05/2018;8381.24
1,52677E+12;20/05/2018;8526.98
1,52669E+12;19/05/2018;8233.49
1,5266E+12;18/05/2018;8239.81
1,52652E+12;17/05/2018;8041.46
1,52643E+12;16/05/2018;8330.0
1,52634E+12;15/05/2018;8462.0
1,52626E+12;14/05/2018;8663.34
1,52617E+12;13/05/2018;8679.71
1,52608E+12;12/05/2018;8465.94
1,526E+12;11/05/2018;8400.0
1,52591E+12;10/05/2018;9002.2
1,52582E+12;09/05/2018;9310.0
1,52574E+12;08/05/2018;9187.56
1,52565E+12;07/05/2018;9365.0
1,52556E+12;06/05/2018;9659.01
1,52548E+12;05/05/2018;9864.0
1,52539E+12;04/05/2018;9713.99
1,52531E+12;03/05/2018;9750.0
1,52522E+12;02/05/2018;9247.84
1,52513E+12;01/05/2018;9071.48
1,52505E+12;30/04/2018;9246.01
1,52496E+12;29/04/2018;9419.0
1,52487E+12;28/04/2018;9348.0
1,52479E+12;27/04/2018;8915.35
1,5247E+12;26/04/2018;9266.0
1,52461E+12;25/04/2018;8869.99
1,52453E+12;24/04/2018;9619.99
1,52444E+12;23/04/2018;8934.01
1,52436E+12;22/04/2018;8787.02
1,52427E+12;21/04/2018;8915.31
1,52418E+12;20/04/2018;8856.98
1,5241E+12;19/04/2018;8278.0
1,52401E+12;18/04/2018;8173.0
1,52392E+12;17/04/2018;7885.02
1,52384E+12;16/04/2018;8064.92
1,52375E+12;15/04/2018;8355.0
1,52366E+12;14/04/2018;7999.01
1,52358E+12;13/04/2018;7877.41
1,52349E+12;12/04/2018;7923.0
1,5234E+12;11/04/2018;6953.79
1,52332E+12;10/04/2018;6843.9
1,52323E+12;09/04/2018;6782.72
1,52315E+12;08/04/2018;7018.0
1,52306E+12;07/04/2018;6895.8
1,52297E+12;06/04/2018;6601.39
1,52289E+12;05/04/2018;6770.76
1,5228E+12;04/04/2018;6796.1
1,52271E+12;03/04/2018;7405.21
1,52263E+12;02/04/2018;7056.0
1,52254E+12;01/04/2018;6813.01
1,52245E+12;31/03/2018;6923.91
1,52237E+12;30/03/2018;6840.23
1,52228E+12;29/03/2018;7090.14
1,5222E+12;28/03/2018;7949.3
1,52211E+12;27/03/2018;7795.51
1,52202E+12;26/03/2018;8134.23
1,52194E+12;25/03/2018;8470.15
1,52185E+12;24/03/2018;8546.86
1,52176E+12;23/03/2018;8898.03
1,52168E+12;22/03/2018;8722.9
1,52159E+12;21/03/2018;8885.0
1,5215E+12;20/03/2018;8909.98
1,52142E+12;19/03/2018;8600.0
1,52133E+12;18/03/2018;8189.99
1,52124E+12;17/03/2018;7824.8
1,52116E+12;16/03/2018;8260.0
1,52107E+12;15/03/2018;8240.98
1,52099E+12;14/03/2018;8170.0
1,5209E+12;13/03/2018;9150.0
1,52081E+12;12/03/2018;9131.34
1,52073E+12;11/03/2018;9533.57
1,52064E+12;10/03/2018;8770.22
1,52055E+12;09/03/2018;9227.0
1,52047E+12;08/03/2018;9271.64
1,52038E+12;07/03/2018;9910.0
1,52029E+12;06/03/2018;10716.48
1,52021E+12;05/03/2018;11454.0
1,52012E+12;04/03/2018;11515.0
1,52004E+12;03/03/2018;11464.48
1,51995E+12;02/03/2018;11039.0
1,51986E+12;01/03/2018;10920.0
1,51978E+12;28/02/2018;10326.76
1,51969E+12;27/02/2018;10569.04
1,5196E+12;26/02/2018;10324.0
1,51952E+12;25/02/2018;9590.0
1,51943E+12;24/02/2018;9694.51
1,51934E+12;23/02/2018;10131.04
1,51926E+12;22/02/2018;9811.04
1,51917E+12;21/02/2018;10437.6
1,51908E+12;20/02/2018;11200.99
1,519E+12;19/02/2018;11153.0
1,51891E+12;18/02/2018;10383.43
1,51883E+12;17/02/2018;11039.55
1,51874E+12;16/02/2018;10159.98
1,51865E+12;15/02/2018;10000.09
1,51857E+12;14/02/2018;9449.99
1,51848E+12;13/02/2018;8539.9
1,51839E+12;12/02/2018;8903.0
1,51831E+12;11/02/2018;8063.88
1,51822E+12;10/02/2018;8533.98
1,51813E+12;09/02/2018;8683.92
1,51805E+12;08/02/2018;7784.02
1,51796E+12;07/02/2018;7599.0
1,51788E+12;06/02/2018;7652.14
1,51779E+12;05/02/2018;6939.99
1,5177E+12;04/02/2018;8184.81
1,51762E+12;03/02/2018;9199.96
1,51753E+12;02/02/2018;8873.03
1,51744E+12;01/02/2018;9224.52
1,51736E+12;31/01/2018;10285.1
1,51727E+12;30/01/2018;10237.51
1,51718E+12;29/01/2018;11251.0
1,5171E+12;28/01/2018;11879.95
1,51701E+12;27/01/2018;11491.0
1,51692E+12;26/01/2018;11089.0
1,51684E+12;25/01/2018;11175.27
1,51675E+12;24/01/2018;11349.99
1,51667E+12;23/01/2018;10799.18
1,51658E+12;22/01/2018;10760.05
1,51649E+12;21/01/2018;11530.0
1,51641E+12;20/01/2018;12799.94
1,51632E+12;19/01/2018;11474.98
1,51623E+12;18/01/2018;10961.97
1,51615E+12;17/01/2018;10988.79
1,51606E+12;16/01/2018;10900.0
1,51597E+12;15/01/2018;13539.93
1,51589E+12;14/01/2018;13474.99
1,5158E+12;13/01/2018;14210.0
1,51572E+12;12/01/2018;13740.01
1,51563E+12;11/01/2018;13238.78
1,51554E+12;10/01/2018;14907.09
1,51546E+12;09/01/2018;14400.0
1,51537E+12;08/01/2018;14902.54
1,51528E+12;07/01/2018;16150.03
1,5152E+12;06/01/2018;17069.79
1,51511E+12;05/01/2018;16960.39
1,51502E+12;04/01/2018;15059.54
1,51494E+12;03/01/2018;14919.51
1,51485E+12;02/01/2018;14675.11
1,51476E+12;01/01/2018;13380.0
1,51468E+12;31/12/2017;13716.36
1,51459E+12;30/12/2017;12440.01
1,51451E+12;29/12/2017;14378.9
1,51442E+12;28/12/2017;14182.11
1,51433E+12;27/12/2017;15459.99
1,51425E+12;26/12/2017;15689.01
1,51416E+12;25/12/2017;13699.34
1,51407E+12;24/12/2017;13500.0
1,51399E+12;23/12/2017;13300.0
1,5139E+12;22/12/2017;13326.61
1,51381E+12;21/12/2017;15492.64
1,51373E+12;20/12/2017;16488.98
1,51364E+12;19/12/2017;17295.2
1,51356E+12;18/12/2017;18856.25
1,51347E+12;17/12/2017;18860.02
1,51338E+12;16/12/2017;19102.66
1,5133E+12;15/12/2017;17539.83
1,51321E+12;14/12/2017;16334.98
1,51312E+12;13/12/2017;16033.29
1,51304E+12;12/12/2017;16349.99
1,51295E+12;11/12/2017;16587.97
1,51286E+12;10/12/2017;14899.98
1,51278E+12;09/12/2017;14656.07
1,51269E+12;08/12/2017;15880.0
1,5126E+12;07/12/2017;16599.0
1,51252E+12;06/12/2017;13550.05
1,51243E+12;05/12/2017;11699.99
1,51235E+12;04/12/2017;11579.0
1,51226E+12;03/12/2017;11165.41
1,51217E+12;02/12/2017;10890.01
1,51209E+12;01/12/2017;10782.99
1,512E+12;30/11/2017;9838.96
1,51191E+12;29/11/2017;9687.88
1,51183E+12;28/11/2017;9896.8
1,51174E+12;27/11/2017;9650.0
1,51165E+12;26/11/2017;9128.02
1,51157E+12;25/11/2017;8700.01
1,51148E+12;24/11/2017;8138.0
1,5114E+12;23/11/2017;8019.99
1,51131E+12;22/11/2017;8205.92
1,51122E+12;21/11/2017;8119.51
1,51114E+12;20/11/2017;8212.0
1,51105E+12;19/11/2017;8038.0
1,51096E+12;18/11/2017;7761.94
1,51088E+12;17/11/2017;7699.19
1,51079E+12;16/11/2017;7864.5
1,5107E+12;15/11/2017;7240.06
1,51062E+12;14/11/2017;6574.99
1,51053E+12;13/11/2017;6465.99
1,51044E+12;12/11/2017;5811.03
1,51036E+12;11/11/2017;6245.05
1,51027E+12;10/11/2017;6506.98
1,51019E+12;09/11/2017;7079.99
1,5101E+12;08/11/2017;7303.0
1,51001E+12;07/11/2017;7064.04
1,50993E+12;06/11/2017;6960.12
1,50984E+12;05/11/2017;7345.01
1,50975E+12;04/11/2017;7357.09
1,50967E+12;03/11/2017;7115.04
1,50958E+12;02/11/2017;7019.98
1,50949E+12;01/11/2017;6753.98
1,50941E+12;31/10/2017;6463.0
1,50932E+12;30/10/2017;6120.5
1,50924E+12;29/10/2017;6169.98
1,50915E+12;28/10/2017;5719.64
1,50906E+12;27/10/2017;5768.83
1,50898E+12;26/10/2017;5861.77
1,50889E+12;25/10/2017;5689.99
1,5088E+12;24/10/2017;5477.03
1,50872E+12;23/10/2017;5915.93
1,50863E+12;22/10/2017;5950.02
1,50854E+12;21/10/2017;6024.97
1,50846E+12;20/10/2017;6010.01
1,50837E+12;19/10/2017;5683.9
1,50828E+12;18/10/2017;5512.06
1,5082E+12;17/10/2017;5595.0
1,50811E+12;16/10/2017;5760.02
1,50803E+12;15/10/2017;5709.99
1,50794E+12;14/10/2017;5869.99
1,50785E+12;13/10/2017;5649.98
1,50777E+12;12/10/2017;5430.0
1,50768E+12;11/10/2017;4821.43
1,50759E+12;10/10/2017;4783.06
1,50751E+12;09/10/2017;4786.95
1,50742E+12;08/10/2017;4640.0
1,50733E+12;07/10/2017;4423.0
1,50725E+12;06/10/2017;4369.0
1,50716E+12;05/10/2017;4292.43
1,50708E+12;04/10/2017;4208.59
1,50699E+12;03/10/2017;4310.0
1,5069E+12;02/10/2017;4380.0
1,50682E+12;01/10/2017;4378.48
1,50673E+12;30/09/2017;4378.51
1,50664E+12;29/09/2017;4174.69
1,50656E+12;28/09/2017;4174.5
1,50647E+12;27/09/2017;4193.0
1,50638E+12;26/09/2017;3882.35
1,5063E+12;25/09/2017;3920.75
1,50621E+12;24/09/2017;3660.02
1,50612E+12;23/09/2017;3780.0
1,50604E+12;22/09/2017;3595.87
1,50595E+12;21/09/2017;3609.99
1,50587E+12;20/09/2017;3900.0
1,50578E+12;19/09/2017;3910.04
1,50569E+12;18/09/2017;4035.01
1,50561E+12;17/09/2017;3699.99
1,50552E+12;16/09/2017;3714.95
1,50543E+12;15/09/2017;3700.0
1,50535E+12;14/09/2017;3189.02
1,50526E+12;13/09/2017;3944.69
1,50517E+12;12/09/2017;4163.72
1,50509E+12;11/09/2017;4208.47
1,505E+12;10/09/2017;4130.37
1,50492E+12;09/09/2017;4258.81
1,50483E+12;08/09/2017;4282.8
1,50474E+12;07/09/2017;4691.61
1,50466E+12;06/09/2017;4619.77
1,50457E+12;05/09/2017;4366.47
1,50448E+12;04/09/2017;4100.11
1,5044E+12;03/09/2017;4509.08
1,50431E+12;02/09/2017;4472.14
1,50422E+12;01/09/2017;4834.91
1,50414E+12;31/08/2017;4724.89
1,50405E+12;30/08/2017;4555.14
1,50396E+12;29/08/2017;4587.48
1,50388E+12;28/08/2017;4386.69
1,50379E+12;27/08/2017;4310.01
1,50371E+12;26/08/2017;4337.44
1,50362E+12;25/08/2017;4280.68
1,50353E+12;24/08/2017;4316.01
1,50345E+12;23/08/2017;4114.01
1,50336E+12;22/08/2017;4040.0
1,50327E+12;21/08/2017;4016.0
1,50319E+12;20/08/2017;4086.29
1,5031E+12;19/08/2017;4139.98
1,50301E+12;18/08/2017;4108.37
1,50293E+12;17/08/2017;4285.08
